sl_contract_id,file_name,relative_file_path
1721524,tdr_logistica_actualizado,procesos/1721524/tdr_logistica_actualizado.txt
1721524,condiciones_generales_de_los_pliegos,procesos/1721524/condiciones_generales_de_los_pliegos.txt
1721524,condiciones_generales_del_contrato,procesos/1721524/condiciones_generales_del_contrato.txt
1721524,condiciones_particulares_de_los_contratos,procesos/1721524/condiciones_particulares_de_los_contratos.txt
1721524,formularios_actualizados_1-1_y_1-3,procesos/1721524/formularios_actualizados_1-1_y_1-3.txt
1721524,formulario-unico-oferta-subasta-inversa-bys,procesos/1721524/formulario-unico-oferta-subasta-inversa-bys.txt
1721524,sie-30-memos_comision_tecnica-signed-signed-signed,procesos/1721524/sie-30-memos_comision_tecnica-signed-signed-signed.txt
1721524,sie-30-2022_acta_secretario__designacion-signed-signed-signed-signed,procesos/1721524/sie-30-2022_acta_secretario__designacion-signed-signed-signed-signed.txt
1721524,detalle_de_precios_unitarios_anexo_2,procesos/1721524/detalle_de_precios_unitarios_anexo_2.txt
1721524,sie-30-2022_condiciones_particulares_de_los_pliegos-signed,procesos/1721524/sie-30-2022_condiciones_particulares_de_los_pliegos-signed.txt
1699371,condiciones_generales_del_contrato,procesos/1699371/condiciones_generales_del_contrato.txt
1699371,condiciones_generales,procesos/1699371/condiciones_generales.txt
1699371,condiciones_particulares_del_contrato,procesos/1699371/condiciones_particulares_del_contrato.txt
1699371,condiciones_particulares,procesos/1699371/condiciones_particulares.txt
1699371,formuario_de_la_oferta,procesos/1699371/formuario_de_la_oferta.txt
1699371,formulario_de_compromiso,procesos/1699371/formulario_de_compromiso.txt
1699371,indice_subasta_electronica,procesos/1699371/indice_subasta_electronica.txt
1745524,0_indice_de_subasta_inversa_electronica1,procesos/1745524/0_indice_de_subasta_inversa_electronica1.txt
1745524,1_condiciones_particulares_del_pliego_de_subasta_inversa_electronica1,procesos/1745524/1_condiciones_particulares_del_pliego_de_subasta_inversa_electronica1.txt
1745524,2_condiciones_generales_del_pliego_de_subasta,procesos/1745524/2_condiciones_generales_del_pliego_de_subasta.txt
1745524,formulario_1_1_y_13,procesos/1745524/formulario_1_1_y_13.txt
1745524,3_formulario_de_compromiso_de_asociacion_o_consorcio,procesos/1745524/3_formulario_de_compromiso_de_asociacion_o_consorcio.txt
1745524,5_condiciones_generales_del_contrato_de_subasta,procesos/1745524/5_condiciones_generales_del_contrato_de_subasta.txt
1745524,condiciones_particulares_del_contrato_de_subasta_inversa_electronica,procesos/1745524/condiciones_particulares_del_contrato_de_subasta_inversa_electronica.txt
1745524,227-3_terminos_de_referencia-signed,procesos/1745524/227-3_terminos_de_referencia-signed.txt
1745524,anexo_1_presentacion_ofertas_actualizado,procesos/1745524/anexo_1_presentacion_ofertas_actualizado.txt
1758687,anexo_1_-_especificaciones_tecnicas,procesos/1758687/anexo_1_-_especificaciones_tecnicas.txt
1758687,anexo_2_catalogos_y_folletos,procesos/1758687/anexo_2_catalogos_y_folletos.txt
1758687,anexo_3_formulario_presentacion_y_compromiso,procesos/1758687/anexo_3_formulario_presentacion_y_compromiso.txt
1758687,anexo_4_formulario_nomina_de_socios,procesos/1758687/anexo_4_formulario_nomina_de_socios.txt
1758687,anexo_5_formulario_de_compromiso,procesos/1758687/anexo_5_formulario_de_compromiso.txt
1758687,condiciones_del_contrato,procesos/1758687/condiciones_del_contrato.txt
1758687,condiciones_generales_del_pliego,procesos/1758687/condiciones_generales_del_pliego.txt
1758687,sercop-sercop-2020-0022-c,procesos/1758687/sercop-sercop-2020-0022-c.txt
1704225,anexo_1_formulario_de_garantia_tecnica,procesos/1704225/anexo_1_formulario_de_garantia_tecnica.txt
1704225,condiciones_generales_del_contrato,procesos/1704225/condiciones_generales_del_contrato.txt
1704225,condiciones_generales_del_pliego,procesos/1704225/condiciones_generales_del_pliego.txt
1704225,formulario_actualizado__compromiso_de_asociacion_o_consorcio,procesos/1704225/formulario_actualizado__compromiso_de_asociacion_o_consorcio.txt
1704225,formulario-unico-oferta-subasta-inversa-bys-sercop,procesos/1704225/formulario-unico-oferta-subasta-inversa-bys-sercop.txt
1704225,resolucion_delegacion_abg_gabriela_rodriguez,procesos/1704225/resolucion_delegacion_abg_gabriela_rodriguez.txt
1704225,resolucion_conformacion_ct_sie-mimg-054-2022_sv,procesos/1704225/resolucion_conformacion_ct_sie-mimg-054-2022_sv.txt
1704225,proyecto_de_contrato_sie-mimg-054-2022,procesos/1704225/proyecto_de_contrato_sie-mimg-054-2022.txt
1704225,condiciones_particulares_sie-mimg-054-2022,procesos/1704225/condiciones_particulares_sie-mimg-054-2022.txt
1704225,resolucion_inicio_sie-mimg-054-2022_sv,procesos/1704225/resolucion_inicio_sie-mimg-054-2022_sv.txt
1747722,anexo_a_descripcion_componentes_bienes,procesos/1747722/anexo_a_descripcion_componentes_bienes.txt
1747722,circular_firma_electronica_sercopsercop20200022c,procesos/1747722/circular_firma_electronica_sercopsercop20200022c.txt
1747722,formulario_1_1_presentacion_y_compromiso,procesos/1747722/formulario_1_1_presentacion_y_compromiso.txt
1747722,resolucion_interna_n_gg-2022-0037,procesos/1747722/resolucion_interna_n_gg-2022-0037.txt
1747722,resolucion_no_re-sercop-2021-112,procesos/1747722/resolucion_no_re-sercop-2021-112.txt
1747722,formulario_1_3_nomina_de_socios_accionistas_act,procesos/1747722/formulario_1_3_nomina_de_socios_accionistas_act.txt
1747722,03_00_especificaciones_tecnicas,procesos/1747722/03_00_especificaciones_tecnicas.txt
1747722,03_02_anexo_norma_awwa_c561-04_compuerta_acero_inoxidable,procesos/1747722/03_02_anexo_norma_awwa_c561-04_compuerta_acero_inoxidable.txt
1747722,03_03_anexo_plano_referencia_no_1,procesos/1747722/03_03_anexo_plano_referencia_no_1.txt
1747722,03_04_anexo_plano_referencia_no_2,procesos/1747722/03_04_anexo_plano_referencia_no_2.txt
1747722,06_00_informe_de_necesidad_0048_2022_gopp,procesos/1747722/06_00_informe_de_necesidad_0048_2022_gopp.txt
1747722,06_01_informe_anexo_estudio_costo_beneficio,procesos/1747722/06_01_informe_anexo_estudio_costo_beneficio.txt
1747722,07_verificacion_no_constancia_en_catalogo,procesos/1747722/07_verificacion_no_constancia_en_catalogo.txt
1747722,08_00_estudio_y_calculo_presupuesto,procesos/1747722/08_00_estudio_y_calculo_presupuesto.txt
1747722,08_01_00_estudio_anexo_resumen_adj_similares,procesos/1747722/08_01_00_estudio_anexo_resumen_adj_similares.txt
1747722,08_01_01_estudio_anexo_busquedas_sercop_adj_similares,procesos/1747722/08_01_01_estudio_anexo_busquedas_sercop_adj_similares.txt
1747722,08_02_01_estudio_anexo_universo_proveedores,procesos/1747722/08_02_01_estudio_anexo_universo_proveedores.txt
1747722,08_02_03_estudio_anexo_listado_de_proveedores_aleatorio,procesos/1747722/08_02_03_estudio_anexo_listado_de_proveedores_aleatorio.txt
1747722,08_03_estudio_anexo_solicitud_profomas,procesos/1747722/08_03_estudio_anexo_solicitud_profomas.txt
1747722,08_06_estudio_anexo_cuadro_determinacion_presupuesto,procesos/1747722/08_06_estudio_anexo_cuadro_determinacion_presupuesto.txt
1747722,09_condiciones_y_requisitos,procesos/1747722/09_condiciones_y_requisitos.txt
1747722,10_anexo_presupuesto_referencial,procesos/1747722/10_anexo_presupuesto_referencial.txt
1747722,13_certificacion_pac_128_novena_reforma,procesos/1747722/13_certificacion_pac_128_novena_reforma.txt
1747722,16_certificacion_de_fondos_3200010975,procesos/1747722/16_certificacion_de_fondos_3200010975.txt
1747722,21_solicitud_etapa_precont_adq_compuertas_deslizantes,procesos/1747722/21_solicitud_etapa_precont_adq_compuertas_deslizantes.txt
1747722,02_condiciones_generales_de_los_pliegos,procesos/1747722/02_condiciones_generales_de_los_pliegos.txt
1747722,03_proyecto_de_contrato,procesos/1747722/03_proyecto_de_contrato.txt
1686226,2_anexo_entregas_parciales,procesos/1686226/2_anexo_entregas_parciales.txt
1686226,anexo_especificaciones_tecnicas-signed-signed,procesos/1686226/anexo_especificaciones_tecnicas-signed-signed.txt
1686226,5_anexo_descripcion_marca_y_origen_de_los_bienes_ofertados,procesos/1686226/5_anexo_descripcion_marca_y_origen_de_los_bienes_ofertados.txt
1686226,3_anexo_garantia_tecnica,procesos/1686226/3_anexo_garantia_tecnica.txt
1686226,4_anexo_declaracion_de_no_estar_inmerso_en_las_prohibiciones,procesos/1686226/4_anexo_declaracion_de_no_estar_inmerso_en_las_prohibiciones.txt
1686226,7_presentacion_y_compromiso,procesos/1686226/7_presentacion_y_compromiso.txt
1686226,6_nomina_de_socios_accionistas_o_participes,procesos/1686226/6_nomina_de_socios_accionistas_o_participes.txt
1686226,10_condiciones_generales_del_pliego_de_subasta_inversa_electronica_bienes_y_servicios-signed,procesos/1686226/10_condiciones_generales_del_pliego_de_subasta_inversa_electronica_bienes_y_servicios-signed.txt
1686226,11_condiciones_particulares_del_contrato_de_subasta_inversa_electronica-signed,procesos/1686226/11_condiciones_particulares_del_contrato_de_subasta_inversa_electronica-signed.txt
1686226,9_condiciones_generales_del_contrato_de_subasta_inversa_electronica_bienes_y_servicios-signed,procesos/1686226/9_condiciones_generales_del_contrato_de_subasta_inversa_electronica_bienes_y_servicios-signed.txt
1686226,stock_de_bodega,procesos/1686226/stock_de_bodega.txt
1686226,ush_pliego_plisubinv-signed,procesos/1686226/ush_pliego_plisubinv-signed.txt
1709477,tdrs_sin_valor_-_sv-signed,procesos/1709477/tdrs_sin_valor_-_sv-signed.txt
1709477,resolucion_comision-signed,procesos/1709477/resolucion_comision-signed.txt
1755826,especicaciones_tec_001-signed-signed,procesos/1755826/especicaciones_tec_001-signed-signed.txt
1755826,200_sie_hgsvp_76_fn_2022_formulas_nutricionales-signed-signed-signed,procesos/1755826/200_sie_hgsvp_76_fn_2022_formulas_nutricionales-signed-signed-signed.txt
1755826,condiciones_generales_del_contrato,procesos/1755826/condiciones_generales_del_contrato.txt
1755826,condiciones_generales_del_pliego,procesos/1755826/condiciones_generales_del_pliego.txt
1755826,condiciones_particulares_del_contrato,procesos/1755826/condiciones_particulares_del_contrato.txt
1755826,condiciones_particulares_del_pliego,procesos/1755826/condiciones_particulares_del_pliego.txt
1755826,formulario_de_compromiso_asociacion_o_consorcio,procesos/1755826/formulario_de_compromiso_asociacion_o_consorcio.txt
1755826,formulario_unico_de_la_oferta_subasta,procesos/1755826/formulario_unico_de_la_oferta_subasta.txt
1755826,indice_subasta_inversa,procesos/1755826/indice_subasta_inversa.txt
1755826,pliego_sie_hgsvp_76_fn_2022_-signed,procesos/1755826/pliego_sie_hgsvp_76_fn_2022_-signed.txt
1755826,convocatoria_sie_hgsvp_76_fn_2022,procesos/1755826/convocatoria_sie_hgsvp_76_fn_2022.txt
1728041,iindice_de_subasta_inversa_electronica,procesos/1728041/iindice_de_subasta_inversa_electronica.txt
1728041,condiciones_particulares_pliego,procesos/1728041/condiciones_particulares_pliego.txt
1728041,condiciones_generales_pliego,procesos/1728041/condiciones_generales_pliego.txt
1728041,condiciones_particulares_del_contrato,procesos/1728041/condiciones_particulares_del_contrato.txt
1728041,condiciones_generales_del_contrato,procesos/1728041/condiciones_generales_del_contrato.txt
1728041,formulario_unico_oferta,procesos/1728041/formulario_unico_oferta.txt
1728041,formulario_de_compromiso,procesos/1728041/formulario_de_compromiso.txt
1728041,estudio_mercado,procesos/1728041/estudio_mercado.txt
1728041,anexo_estudio_mercado,procesos/1728041/anexo_estudio_mercado.txt
1728041,informe_necesidad,procesos/1728041/informe_necesidad.txt
1728041,especificaciones_tecnicas,procesos/1728041/especificaciones_tecnicas.txt
1728041,certificacion_pac,procesos/1728041/certificacion_pac.txt
1728041,certificacion_presupuestaria,procesos/1728041/certificacion_presupuestaria.txt
1728041,alcance_informe_necesidad,procesos/1728041/alcance_informe_necesidad.txt
1682008,condiciones_generales_del_pliego_sie,procesos/1682008/condiciones_generales_del_pliego_sie.txt
1682008,condiciones_generales_del_contrato_sie,procesos/1682008/condiciones_generales_del_contrato_sie.txt
1682008,condiciones_particulares_del_contrato_sie,procesos/1682008/condiciones_particulares_del_contrato_sie.txt
1682008,componentes_de_los_bienes_ofertados,procesos/1682008/componentes_de_los_bienes_ofertados.txt
1682008,formulario_presentacion_y_compromiso,procesos/1682008/formulario_presentacion_y_compromiso.txt
1682008,nomina_de_socios_accionistas_o_participantes,procesos/1682008/nomina_de_socios_accionistas_o_participantes.txt
1682008,resolucion_sercop_106,procesos/1682008/resolucion_sercop_106.txt
1682008,resolucion_sercop_112,procesos/1682008/resolucion_sercop_112.txt
1743489,2_convenio-_fortalecimiento_de_parques_y_jardines,procesos/1743489/2_convenio-_fortalecimiento_de_parques_y_jardines.txt
1743489,4_certificacion_de_catalogo_electronico_y_catalogo_electronico_inclusivo_parques-signed,procesos/1743489/4_certificacion_de_catalogo_electronico_y_catalogo_electronico_inclusivo_parques-signed.txt
1743489,6_solicitud_de_proformas__soce,procesos/1743489/6_solicitud_de_proformas__soce.txt
1743489,7_2-proforma_1_cotizacion_juegos-signed_geovany_sanchez,procesos/1743489/7_2-proforma_1_cotizacion_juegos-signed_geovany_sanchez.txt
1743489,7_4-proforma_2cotizacion_cvaca_juegos-signed-1,procesos/1743489/7_4-proforma_2cotizacion_cvaca_juegos-signed-1.txt
1743489,7_6-proforma_3cotizacion_noheri,procesos/1743489/7_6-proforma_3cotizacion_noheri.txt
1743489,8_informe_de_necesidad_juegos_infantiles-signed-signed,procesos/1743489/8_informe_de_necesidad_juegos_infantiles-signed-signed.txt
1743489,9_cuadro_comparativo-_juegos_infantiles-signed-signed,procesos/1743489/9_cuadro_comparativo-_juegos_infantiles-signed-signed.txt
1743489,10_estudio_de_mercado_juegos_infantiles-signed-signed,procesos/1743489/10_estudio_de_mercado_juegos_infantiles-signed-signed.txt
1743489,12_gadmsc-dpi-2022-0836-_poa,procesos/1743489/12_gadmsc-dpi-2022-0836-_poa.txt
1743489,13_certificacion_pac_138_-_juegos_infantiles_en_seis_parques,procesos/1743489/13_certificacion_pac_138_-_juegos_infantiles_en_seis_parques.txt
1743489,15_ip-215-oopp-signed-signed,procesos/1743489/15_ip-215-oopp-signed-signed.txt
1743489,16_especificaciones_tecnicas-juegos_infantiles-signed-signed,procesos/1743489/16_especificaciones_tecnicas-juegos_infantiles-signed-signed.txt
1743489,18_busqueda_de_cpc_en_catalogo_electronico,procesos/1743489/18_busqueda_de_cpc_en_catalogo_electronico.txt
1709875,informe_seguridad_milenio_2022,procesos/1709875/informe_seguridad_milenio_2022.txt
1709875,tdr_seguridad_2022,procesos/1709875/tdr_seguridad_2022.txt
1706638,especificaciones_tecnicas_umm,procesos/1706638/especificaciones_tecnicas_umm.txt
1706638,resolucion_administrativa_delegacion,procesos/1706638/resolucion_administrativa_delegacion.txt
1716637,resolucion_de_delegacion,procesos/1716637/resolucion_de_delegacion.txt
1716637,condiciones_generales_pliego,procesos/1716637/condiciones_generales_pliego.txt
1716637,condiciones_generales_contrato,procesos/1716637/condiciones_generales_contrato.txt
1716637,condiciones_particulares_contrato,procesos/1716637/condiciones_particulares_contrato.txt
1730092,cate-signed,procesos/1730092/cate-signed.txt
1730092,4_estudio_de_mkt_tablets-signed-signed,procesos/1730092/4_estudio_de_mkt_tablets-signed-signed.txt
1730092,informe_de_necesidad_222-signed-signed,procesos/1730092/informe_de_necesidad_222-signed-signed.txt
1730092,verificacion_no_pac-signed,procesos/1730092/verificacion_no_pac-signed.txt
1730092,com_tec_tablets-signed,procesos/1730092/com_tec_tablets-signed.txt
1730092,ref_pac_tablets_2-signed,procesos/1730092/ref_pac_tablets_2-signed.txt
1730092,0_indice_de_subasta_inversa_electronica1,procesos/1730092/0_indice_de_subasta_inversa_electronica1.txt
1730092,1_condiciones_particulares_del_pliego_de_subasta_inversa_electronica1,procesos/1730092/1_condiciones_particulares_del_pliego_de_subasta_inversa_electronica1.txt
1730092,2_condiciones_generales_del_pliego_de_subasta_inversa_electronica_bienes_y_servicios,procesos/1730092/2_condiciones_generales_del_pliego_de_subasta_inversa_electronica_bienes_y_servicios.txt
1730092,formulario-unico-oferta-subasta-inversa-bys,procesos/1730092/formulario-unico-oferta-subasta-inversa-bys.txt
1730092,3_formulario_de_compromiso_de_asociacion_o_consorcio,procesos/1730092/3_formulario_de_compromiso_de_asociacion_o_consorcio.txt
1730092,5_condiciones_generales_del_contrato_de_subasta_inversa_electronica_bienes_y_servicios,procesos/1730092/5_condiciones_generales_del_contrato_de_subasta_inversa_electronica_bienes_y_servicios.txt
1730092,condiciones_particulares_del_contrato_de_subasta_inversa_electronica,procesos/1730092/condiciones_particulares_del_contrato_de_subasta_inversa_electronica.txt
1730092,cotizacion_tablets_oook-signed-signed,procesos/1730092/cotizacion_tablets_oook-signed-signed.txt
1730092,cotizador_slimtec_sas_tablets_gad_milagro-signed,procesos/1730092/cotizador_slimtec_sas_tablets_gad_milagro-signed.txt
1730092,cotizacion_tablets_2022_netcorp-signed,procesos/1730092/cotizacion_tablets_2022_netcorp-signed.txt
1730092,51_et_tabets-signed-1firmado,procesos/1730092/51_et_tabets-signed-1firmado.txt
1730092,2_memo_bodega_609,procesos/1730092/2_memo_bodega_609.txt
1730092,resol_deleg_ab_egas-signed,procesos/1730092/resol_deleg_ab_egas-signed.txt
1736958,4_especificaciones_motosoldadora-signed-signed,procesos/1736958/4_especificaciones_motosoldadora-signed-signed.txt
1736958,2_informe_de_necesidad_motosoldadora-signed-signed-signed,procesos/1736958/2_informe_de_necesidad_motosoldadora-signed-signed-signed.txt
1736958,5_estudio_de_mercado_motosoldadora-signed-signed,procesos/1736958/5_estudio_de_mercado_motosoldadora-signed-signed.txt
1736958,7_calculo_presupuesto_referencial_motosoldadora-signed-signed,procesos/1736958/7_calculo_presupuesto_referencial_motosoldadora-signed-signed.txt
1736958,6_cuadro_comparativo_motosoldadora-signed-signed,procesos/1736958/6_cuadro_comparativo_motosoldadora-signed-signed.txt
1736958,3_estudios_previos_motosoldadora-signed-signed-signed,procesos/1736958/3_estudios_previos_motosoldadora-signed-signed-signed.txt
1736958,8_presupuesto_motosoldadora-signed-signed,procesos/1736958/8_presupuesto_motosoldadora-signed-signed.txt
1736958,9_cerprew-0012315-cf,procesos/1736958/9_cerprew-0012315-cf.txt
1736958,10_certificacion_pac_motosoldadora_multiprocesos,procesos/1736958/10_certificacion_pac_motosoldadora_multiprocesos.txt
1736958,2_condiciones_generales_del_pliego_de_subasta_inversa_electronica_bienes_y_servicios,procesos/1736958/2_condiciones_generales_del_pliego_de_subasta_inversa_electronica_bienes_y_servicios.txt
1736958,formulario-unico-oferta-subasta-inversa-bys,procesos/1736958/formulario-unico-oferta-subasta-inversa-bys.txt
1736958,resolucion_ordenadores_gasto_petro-pgg-2021-0040-rsl_version_18,procesos/1736958/resolucion_ordenadores_gasto_petro-pgg-2021-0040-rsl_version_18.txt
1736958,resolucion_181_delegacion_ordenadores_de_gasto_ramos_generales_portal,procesos/1736958/resolucion_181_delegacion_ordenadores_de_gasto_ramos_generales_portal.txt
1736958,resolucion_petro-pgg-2022-0145-rsl_ultim_reso_19_sep_2022,procesos/1736958/resolucion_petro-pgg-2022-0145-rsl_ultim_reso_19_sep_2022.txt
1736958,anexo_resolucion_ordenadores_de_gasto,procesos/1736958/anexo_resolucion_ordenadores_de_gasto.txt
1736958,resolucion_ssa_petro-pgg-2021-0206-rsl,procesos/1736958/resolucion_ssa_petro-pgg-2021-0206-rsl.txt
1736958,formato_declaracion_juramentada,procesos/1736958/formato_declaracion_juramentada.txt
1736958,proyecto_de_contrato,procesos/1736958/proyecto_de_contrato.txt
1718330,formulario-unico-oferta-subasta-inversa-bys,procesos/1718330/formulario-unico-oferta-subasta-inversa-bys.txt
1718330,2_condiciones_generales_del_pliego_de_subasta_inversa_electronica_bienes_y_servicios,procesos/1718330/2_condiciones_generales_del_pliego_de_subasta_inversa_electronica_bienes_y_servicios.txt
1718330,5_condiciones_generales_del_contrato_de_subasta_inversa_electronica_bienes_y_servicios,procesos/1718330/5_condiciones_generales_del_contrato_de_subasta_inversa_electronica_bienes_y_servicios.txt
1718330,8_especificaciones_tecnicas-signed-signed,procesos/1718330/8_especificaciones_tecnicas-signed-signed.txt
1718330,8_especificaciones_tecnicas_ofertadas,procesos/1718330/8_especificaciones_tecnicas_ofertadas.txt
1718330,proyecto_de_contrato,procesos/1718330/proyecto_de_contrato.txt
1750232,estudio_de_mercado_grupo_b-signed_,procesos/1750232/estudio_de_mercado_grupo_b-signed_.txt
1750232,identificacion_grupo_b-signed-signed,procesos/1750232/identificacion_grupo_b-signed-signed.txt
1750232,cert_179,procesos/1750232/cert_179.txt
1750232,cert_pres__plurianual_,procesos/1750232/cert_pres__plurianual_.txt
1750232,informe_tecnio_de_certificacion_poa,procesos/1750232/informe_tecnio_de_certificacion_poa.txt
1750232,fichas_tecinas_grupo_b,procesos/1750232/fichas_tecinas_grupo_b.txt
1750232,condiciones_generales_del_contrato,procesos/1750232/condiciones_generales_del_contrato.txt
1750232,condiciones_generales_del_pliego,procesos/1750232/condiciones_generales_del_pliego.txt
1750232,condiciones_particulares_del_contrato,procesos/1750232/condiciones_particulares_del_contrato.txt
1750232,condiciones_particulares_del_pliego,procesos/1750232/condiciones_particulares_del_pliego.txt
1750232,formulario_de_compromiso_asociacion,procesos/1750232/formulario_de_compromiso_asociacion.txt
1750232,formulario_de_oferta1y3,procesos/1750232/formulario_de_oferta1y3.txt
1750232,formulario_unico_de_la_oferta,procesos/1750232/formulario_unico_de_la_oferta.txt
1750232,especificaciones_tecnicas_,procesos/1750232/especificaciones_tecnicas_.txt
1682777,condiciones_generales_de_pliego_subasta_inversa,procesos/1682777/condiciones_generales_de_pliego_subasta_inversa.txt
1682777,condiciones_generales_del_contrato_de_subasta_inversa_electronica_bienes_y_servicios,procesos/1682777/condiciones_generales_del_contrato_de_subasta_inversa_electronica_bienes_y_servicios.txt
1682777,condiciones_particulares_del_contrato_de_subasta_inversa_electronica,procesos/1682777/condiciones_particulares_del_contrato_de_subasta_inversa_electronica.txt
1682777,formulario_de__la_oferta_de_subasta_inversa_electronica_bienes_y_servicios,procesos/1682777/formulario_de__la_oferta_de_subasta_inversa_electronica_bienes_y_servicios.txt
1682777,formulario_de_compromiso_de_asociacion_o_consorcio_no_cambia,procesos/1682777/formulario_de_compromiso_de_asociacion_o_consorcio_no_cambia.txt
1682777,indice_de_subasta_inversa,procesos/1682777/indice_de_subasta_inversa.txt
1682777,condiciones_particulares_del_pliego_de_subasta_inversa-signed,procesos/1682777/condiciones_particulares_del_pliego_de_subasta_inversa-signed.txt
1726894,delegacion_acuerdo_066,procesos/1726894/delegacion_acuerdo_066.txt
1726894,pliego_soce_formularios_proy_cont_portatiles-signed-signed-signed-signed-signed,procesos/1726894/pliego_soce_formularios_proy_cont_portatiles-signed-signed-signed-signed-signed.txt
1726894,anexo_1_lugar_de_entrega_027-signed-signed-signed-signed-signed,procesos/1726894/anexo_1_lugar_de_entrega_027-signed-signed-signed-signed-signed.txt
1723568,condiciones_particulares_del_contrato,procesos/1723568/condiciones_particulares_del_contrato.txt
1723568,terminos_de_referencia,procesos/1723568/terminos_de_referencia.txt
1723568,oficio_a_proveedores,procesos/1723568/oficio_a_proveedores.txt
1737426,formulario_unico_de_la_oferta,procesos/1737426/formulario_unico_de_la_oferta.txt
1737426,formulario_compromiso_asociacion_o_consorcio,procesos/1737426/formulario_compromiso_asociacion_o_consorcio.txt
1737426,condiciones_generales_pliego,procesos/1737426/condiciones_generales_pliego.txt
1737426,condiciones_particulares_pliego,procesos/1737426/condiciones_particulares_pliego.txt
1737426,condiciones_generales_contrato,procesos/1737426/condiciones_generales_contrato.txt
1737426,condiciones_particulares_contrato,procesos/1737426/condiciones_particulares_contrato.txt
1737426,especificaciones_tecnicas_sie-signed-signed,procesos/1737426/especificaciones_tecnicas_sie-signed-signed.txt
1680707,4_gad-p03-s01-f06_tdrs_serv_seguridad_2022,procesos/1680707/4_gad-p03-s01-f06_tdrs_serv_seguridad_2022.txt
1742137,0_indice_de_subasta_inversa_electronica1,procesos/1742137/0_indice_de_subasta_inversa_electronica1.txt
1742137,1_condiciones_particulares_del_pliego_de_subasta_inversa_electronica1,procesos/1742137/1_condiciones_particulares_del_pliego_de_subasta_inversa_electronica1.txt
1742137,2_condiciones_generales_del_pliego_de_subasta_inversa_electronica_bienes_y_servicios,procesos/1742137/2_condiciones_generales_del_pliego_de_subasta_inversa_electronica_bienes_y_servicios.txt
1742137,3_formulario_de_compromiso_de_asociacion_o_consorcio,procesos/1742137/3_formulario_de_compromiso_de_asociacion_o_consorcio.txt
1742137,formulario-unico-de-la-oferta-subasta-inversa-bys,procesos/1742137/formulario-unico-de-la-oferta-subasta-inversa-bys.txt
1742137,condiciones_particulares_del_contrato_de_subasta_inversa_electronica,procesos/1742137/condiciones_particulares_del_contrato_de_subasta_inversa_electronica.txt
1742137,5_condiciones_generales_del_contrato_de_subasta_inversa_electronica_bienes_y_servicios,procesos/1742137/5_condiciones_generales_del_contrato_de_subasta_inversa_electronica_bienes_y_servicios.txt
1691658,especificaciones_tenicas_ggs-trafo_138kv-29032022-signed-signed-signed,procesos/1691658/especificaciones_tenicas_ggs-trafo_138kv-29032022-signed-signed-signed.txt
1691658,entrega_de_ofertas_-_con_mfc,procesos/1691658/entrega_de_ofertas_-_con_mfc.txt
1691658,condiciones_particulares_del_contrato_de_subasta_inversa_electronica,procesos/1691658/condiciones_particulares_del_contrato_de_subasta_inversa_electronica.txt
1745952,anexo_1_resolucion_delegacion_administrativo_038-signed,procesos/1745952/anexo_1_resolucion_delegacion_administrativo_038-signed.txt
1745952,anexo_2_plan_de_mantenimiento_preve-signed-signed_28-10-2022,procesos/1745952/anexo_2_plan_de_mantenimiento_preve-signed-signed_28-10-2022.txt
1745952,anexo_3_condiciones_generales_del_pliego,procesos/1745952/anexo_3_condiciones_generales_del_pliego.txt
1745952,anexo_4_condiciones_particulares_del_contrato,procesos/1745952/anexo_4_condiciones_particulares_del_contrato.txt
1745952,anexo_5__condiciones_genreales_del_contrato,procesos/1745952/anexo_5__condiciones_genreales_del_contrato.txt
1745952,anexo_6_formulario_1_1,procesos/1745952/anexo_6_formulario_1_1.txt
1745952,anexo_7__formulario_1_3,procesos/1745952/anexo_7__formulario_1_3.txt
1745952,anexo_8_especificaciones_tecnicas-signed-signed_28-10-2022,procesos/1745952/anexo_8_especificaciones_tecnicas-signed-signed_28-10-2022.txt
1745952,anexo_9_termino_de_referencia,procesos/1745952/anexo_9_termino_de_referencia.txt
1689929,especificaciones_tecnicas_grupo_b,procesos/1689929/especificaciones_tecnicas_grupo_b.txt
1689929,certificacion_nro_001-2022-_farmacos_no_catalogados-signed,procesos/1689929/certificacion_nro_001-2022-_farmacos_no_catalogados-signed.txt
1689929,iess-hd-nt-f-2022-0136-m,procesos/1689929/iess-hd-nt-f-2022-0136-m.txt
1689929,certificacion_cate-025-2022-signed,procesos/1689929/certificacion_cate-025-2022-signed.txt
1689929,condiciones_generales_de_los_pliegos,procesos/1689929/condiciones_generales_de_los_pliegos.txt
1689929,certificacion_pac_025-2022-signed,procesos/1689929/certificacion_pac_025-2022-signed.txt
1689929,condiciones_generales_y_particulares_del_contrato,procesos/1689929/condiciones_generales_y_particulares_del_contrato.txt
1710100,0_indice_de_subasta_inversa_electronica1,procesos/1710100/0_indice_de_subasta_inversa_electronica1.txt
1710100,1_condiciones_particulares_del_pliego_de_subasta_inversa_electronica1,procesos/1710100/1_condiciones_particulares_del_pliego_de_subasta_inversa_electronica1.txt
1710100,2_condiciones_generales_del_pliego_de_subasta_inversa_electronica_bienes_y_servicios,procesos/1710100/2_condiciones_generales_del_pliego_de_subasta_inversa_electronica_bienes_y_servicios.txt
1710100,3_formulario_de_compromiso_de_asociacion_o_consorcio,procesos/1710100/3_formulario_de_compromiso_de_asociacion_o_consorcio.txt
1710100,5_condiciones_generales_del_contrato_de_subasta_inversa_electronica_bienes_y_servicios,procesos/1710100/5_condiciones_generales_del_contrato_de_subasta_inversa_electronica_bienes_y_servicios.txt
1710100,condiciones_particulares_del_contrato_de_subasta_inversa_electronica,procesos/1710100/condiciones_particulares_del_contrato_de_subasta_inversa_electronica.txt
1710100,formulario-unico-oferta-subasta-inversa-bys,procesos/1710100/formulario-unico-oferta-subasta-inversa-bys.txt
1710100,resolucion_gadpc-pref-2020-006,procesos/1710100/resolucion_gadpc-pref-2020-006.txt
1710100,sercop,procesos/1710100/sercop.txt
1710100,7_anexo_aplicativo_especificaciones_para_bienes_cemento_vial_tipo_mh_actualizado-signed-signed,procesos/1710100/7_anexo_aplicativo_especificaciones_para_bienes_cemento_vial_tipo_mh_actualizado-signed-signed.txt
1689258,anexo_forma_de_presentacion_de_las_ofertas_et-_2022,procesos/1689258/anexo_forma_de_presentacion_de_las_ofertas_et-_2022.txt
1689258,formulario_1punto3,procesos/1689258/formulario_1punto3.txt
1689258,0_indice_de_subasta_inversa_electronica1,procesos/1689258/0_indice_de_subasta_inversa_electronica1.txt
1689258,1_condiciones_particulares_del_pliego_de_subasta_inversa_electronica1,procesos/1689258/1_condiciones_particulares_del_pliego_de_subasta_inversa_electronica1.txt
1689258,2_condiciones_generales_del_pliego_de_subasta_inversa_electronica_bienes_y_servicios,procesos/1689258/2_condiciones_generales_del_pliego_de_subasta_inversa_electronica_bienes_y_servicios.txt
1689258,3_formulario_de_la_oferta_de_subasta_inversa_electronica_bienes_y_servicios,procesos/1689258/3_formulario_de_la_oferta_de_subasta_inversa_electronica_bienes_y_servicios.txt
1689258,4_formulario_de_compromiso_de_asociacion_o_consorcio,procesos/1689258/4_formulario_de_compromiso_de_asociacion_o_consorcio.txt
1689258,5_condiciones_particulares_del_contrato_de_subasta_inversa_electronica,procesos/1689258/5_condiciones_particulares_del_contrato_de_subasta_inversa_electronica.txt
1689258,6_condiciones_generales_del_contrato_de_subasta_inversa_electronica_bienes_y_servicios,procesos/1689258/6_condiciones_generales_del_contrato_de_subasta_inversa_electronica_bienes_y_servicios.txt
1689258,resolucion_ad_delegacion_diana_jurado_015-2021-psm-al-signed-signed,procesos/1689258/resolucion_ad_delegacion_diana_jurado_015-2021-psm-al-signed-signed.txt
1689258,resolucion_de_delegacion_023-2021-psm-al_designacion_de_administradores,procesos/1689258/resolucion_de_delegacion_023-2021-psm-al_designacion_de_administradores.txt
1689258,poa_006,procesos/1689258/poa_006.txt
1689258,informe_de_necesidad_y_especificaciones_tecnicas,procesos/1689258/informe_de_necesidad_y_especificaciones_tecnicas.txt
1689258,1_0_cpc_no_restringido_f,procesos/1689258/1_0_cpc_no_restringido_f.txt
1689258,1_1_verificacion_cate_f,procesos/1689258/1_1_verificacion_cate_f.txt
1689258,especificaciones_generadores_electricos,procesos/1689258/especificaciones_generadores_electricos.txt
1702803,2_condiciones_generales_pliego_sie,procesos/1702803/2_condiciones_generales_pliego_sie.txt
1702803,3_formulario_oferta_sie,procesos/1702803/3_formulario_oferta_sie.txt
1702803,4_anexo_2_rubros_a_ejecutar-signed,procesos/1702803/4_anexo_2_rubros_a_ejecutar-signed.txt
1702803,5_anexo_3_equipo_minimo-signed,procesos/1702803/5_anexo_3_equipo_minimo-signed.txt
1702803,6_anexo_4_carta_compromiso_de_trabajo,procesos/1702803/6_anexo_4_carta_compromiso_de_trabajo.txt
1702803,7_anexo_5_tableros_normalizados,procesos/1702803/7_anexo_5_tableros_normalizados.txt
1702803,proyecto_de_contrato,procesos/1702803/proyecto_de_contrato.txt
1702803,anexo_3_equipo_minimo,procesos/1702803/anexo_3_equipo_minimo.txt
1702803,anexo_1_tdr-signed,procesos/1702803/anexo_1_tdr-signed.txt
1718363,id_desechos_firmado,procesos/1718363/id_desechos_firmado.txt
1718363,tdr_desechos_firmado,procesos/1718363/tdr_desechos_firmado.txt
1718363,formulariounico,procesos/1718363/formulariounico.txt
1729960,especificaciones_tecnicas_okkk-signed_1-signed,procesos/1729960/especificaciones_tecnicas_okkk-signed_1-signed.txt
1729960,especificaciones_tecnicas_-signed-signed,procesos/1729960/especificaciones_tecnicas_-signed-signed.txt
1729960,certificacion_presupuestaria-signed-signed,procesos/1729960/certificacion_presupuestaria-signed-signed.txt
1729960,estudio_de_mercado-signed-signed-signed,procesos/1729960/estudio_de_mercado-signed-signed-signed.txt
1729960,cuadro_comparativo-signed,procesos/1729960/cuadro_comparativo-signed.txt
1729960,proforma_nqr_1015_epagal_-signed,procesos/1729960/proforma_nqr_1015_epagal_-signed.txt
1729960,prop-336-2022-01-06-2022-camion_multiproposito-mant-epagal-signed,procesos/1729960/prop-336-2022-01-06-2022-camion_multiproposito-mant-epagal-signed.txt
1729960,informe_de_necesidad__vehiculo_multiproposito-signed-signed,procesos/1729960/informe_de_necesidad__vehiculo_multiproposito-signed-signed.txt
1729960,anexo_presentacion_de_ofertas,procesos/1729960/anexo_presentacion_de_ofertas.txt
1729960,verificacion_cate_018-signed,procesos/1729960/verificacion_cate_018-signed.txt
1729960,verificacion_pac_018-signed,procesos/1729960/verificacion_pac_018-signed.txt
1729960,certificacion_poa-signed,procesos/1729960/certificacion_poa-signed.txt
1705469,terminos_de_referencia_grupo_m-signed-signed-signed,procesos/1705469/terminos_de_referencia_grupo_m-signed-signed-signed.txt
1697347,circular_nro_sercop-sercop-2020-0013-c,procesos/1697347/circular_nro_sercop-sercop-2020-0013-c.txt
1697347,circular_nro_sercop-sercop-2020-0014-c,procesos/1697347/circular_nro_sercop-sercop-2020-0014-c.txt
1697347,circular_nro_sercop-sercop-2020-0022-c,procesos/1697347/circular_nro_sercop-sercop-2020-0022-c.txt
1697347,condiciones_generales_del_contrato,procesos/1697347/condiciones_generales_del_contrato.txt
1697347,condiciones_generales_del_pliego,procesos/1697347/condiciones_generales_del_pliego.txt
1697347,condiciones_particulares_del_contrato,procesos/1697347/condiciones_particulares_del_contrato.txt
1697347,condiciones_particulares_del_pliego,procesos/1697347/condiciones_particulares_del_pliego.txt
1697347,formulario_de_compromiso_de_asociacion_o_consorcio,procesos/1697347/formulario_de_compromiso_de_asociacion_o_consorcio.txt
1697347,formulario_de_la_oferta,procesos/1697347/formulario_de_la_oferta.txt
1697347,estudios_preliminares_tdr-signed,procesos/1697347/estudios_preliminares_tdr-signed.txt
1696811,condiciones_generales,procesos/1696811/condiciones_generales.txt
1696811,proyecto_de_contrato,procesos/1696811/proyecto_de_contrato.txt
1696811,anexo_formularios,procesos/1696811/anexo_formularios.txt
1696811,anexo_forma_de_presentacion_de_ofertas,procesos/1696811/anexo_forma_de_presentacion_de_ofertas.txt
1696811,instructivo_para_elaboracion_y_firma_de_ofertas,procesos/1696811/instructivo_para_elaboracion_y_firma_de_ofertas.txt
1696811,documento_de_declaracion_bajo_juramento_de_no_tener_glosas_en_la_cge,procesos/1696811/documento_de_declaracion_bajo_juramento_de_no_tener_glosas_en_la_cge.txt
1696811,poder_gerente_unidad_de_negocio_celec_sur,procesos/1696811/poder_gerente_unidad_de_negocio_celec_sur.txt
1696811,sercop-sercop-2020-0022-c,procesos/1696811/sercop-sercop-2020-0022-c.txt
1722530,proyecto_de_contrato,procesos/1722530/proyecto_de_contrato.txt
1722530,anexo_2_terminos_de_referencia,procesos/1722530/anexo_2_terminos_de_referencia.txt
1682186,anexo_1,procesos/1682186/anexo_1.txt
1682186,anexo_2,procesos/1682186/anexo_2.txt
1682186,anexo_3,procesos/1682186/anexo_3.txt
1682186,anexo_4,procesos/1682186/anexo_4.txt
1682186,anexo_5_delegacion_acuerdo_066,procesos/1682186/anexo_5_delegacion_acuerdo_066.txt
1682186,anexo_6,procesos/1682186/anexo_6.txt
1682186,anexo_7,procesos/1682186/anexo_7.txt
1682186,anexo_8,procesos/1682186/anexo_8.txt
1682186,anexo_9,procesos/1682186/anexo_9.txt
1682186,anexo_10,procesos/1682186/anexo_10.txt
1682186,anexo_11_condiciones_entrega_oferta,procesos/1682186/anexo_11_condiciones_entrega_oferta.txt
1710135,1_condiciones_particulares_del_pliego,procesos/1710135/1_condiciones_particulares_del_pliego.txt
1710135,2_condiciones_generales_del_pliego,procesos/1710135/2_condiciones_generales_del_pliego.txt
1710135,3_formulario_de_compromiso_de_asociacion_o_consorcio,procesos/1710135/3_formulario_de_compromiso_de_asociacion_o_consorcio.txt
1710135,4_formulario_de_la_oferta_de_subasta_inversa_electronica_bienes_y_servicios,procesos/1710135/4_formulario_de_la_oferta_de_subasta_inversa_electronica_bienes_y_servicios.txt
1710135,5_condiciones_particulares_del_contrato_de_subasta_inversa_electronica,procesos/1710135/5_condiciones_particulares_del_contrato_de_subasta_inversa_electronica.txt
1710135,6_condiciones_generales_del_contrato_de_subasta_inversa_electronica_bienes_y_servicios,procesos/1710135/6_condiciones_generales_del_contrato_de_subasta_inversa_electronica_bienes_y_servicios.txt
1710135,7_accion_de_personal_msc_suarez,procesos/1710135/7_accion_de_personal_msc_suarez.txt
1710135,terminos_de_referncia_seguridad,procesos/1710135/terminos_de_referncia_seguridad.txt
1731467,especificacion_tecnicas,procesos/1731467/especificacion_tecnicas.txt
1700190,sercop-dcpn-2022-0564-o,procesos/1700190/sercop-dcpn-2022-0564-o.txt
1700190,sercop-dcpn-2022-0387-o,procesos/1700190/sercop-dcpn-2022-0387-o.txt
1700190,especificaciones_tecnicas,procesos/1700190/especificaciones_tecnicas.txt
1700190,comision_tecnica,procesos/1700190/comision_tecnica.txt
1700190,aclaratoria_comision_tecnica,procesos/1700190/aclaratoria_comision_tecnica.txt
1756064,0_indice_de_subasta_inversa_electronica,procesos/1756064/0_indice_de_subasta_inversa_electronica.txt
1756064,1_condiciones_particulares_del_pliego_de_subasta_inversa_electronica,procesos/1756064/1_condiciones_particulares_del_pliego_de_subasta_inversa_electronica.txt
1756064,2_condiciones_generales_del_pliego_de_subasta_inversa_electronica_bienes_y_servicios,procesos/1756064/2_condiciones_generales_del_pliego_de_subasta_inversa_electronica_bienes_y_servicios.txt
1756064,3_formulario_de_compromiso_de_asociacion_o_consorcio,procesos/1756064/3_formulario_de_compromiso_de_asociacion_o_consorcio.txt
1756064,5_condiciones_generales_del_contrato_de_subasta_inversa_electronica_bienes_y_servicios,procesos/1756064/5_condiciones_generales_del_contrato_de_subasta_inversa_electronica_bienes_y_servicios.txt
1756064,condiciones_particulares_del_contrato_de_subasta_inversa_electronica,procesos/1756064/condiciones_particulares_del_contrato_de_subasta_inversa_electronica.txt
1756064,formulario-unico-de-la-oferta-subasta-inversa-bys,procesos/1756064/formulario-unico-de-la-oferta-subasta-inversa-bys.txt
1712270,anexo_5_especificaciones_tecnicas,procesos/1712270/anexo_5_especificaciones_tecnicas.txt
1712270,anexo_para_disposiciones_de_entrega_de_oferta_electronica,procesos/1712270/anexo_para_disposiciones_de_entrega_de_oferta_electronica.txt
1712270,anexos_al_pliego_sie-epmrpg-008-2022,procesos/1712270/anexos_al_pliego_sie-epmrpg-008-2022.txt
1712270,condiciones_generales_del_contrato_de_subasta_inversa_electronica_bienes_y_servicios,procesos/1712270/condiciones_generales_del_contrato_de_subasta_inversa_electronica_bienes_y_servicios.txt
1712270,condiciones_generales_del_pliego_de_subasta_inversa_electronica_bienes_y_servicios,procesos/1712270/condiciones_generales_del_pliego_de_subasta_inversa_electronica_bienes_y_servicios.txt
1712270,condiciones_particulares_del_contrato_de_subasta_inversa_electronica,procesos/1712270/condiciones_particulares_del_contrato_de_subasta_inversa_electronica.txt
1712270,condiciones_particulares_del_pliego_de_subasta_inversa_electronica,procesos/1712270/condiciones_particulares_del_pliego_de_subasta_inversa_electronica.txt
1747559,1_condiciones_particulares_del_pliego_de_subasta_inversa_electronica1,procesos/1747559/1_condiciones_particulares_del_pliego_de_subasta_inversa_electronica1.txt
1747559,2_condiciones_generales_del_pliego_de_subasta_inversa_electronica_bienes_y_servicios,procesos/1747559/2_condiciones_generales_del_pliego_de_subasta_inversa_electronica_bienes_y_servicios.txt
1747559,3_formulario_de_compromiso_de_asociacion_o_consorcio,procesos/1747559/3_formulario_de_compromiso_de_asociacion_o_consorcio.txt
1747559,4_condiciones_particulares_del_contrato_de_subasta_inversa_electronica,procesos/1747559/4_condiciones_particulares_del_contrato_de_subasta_inversa_electronica.txt
1747559,5_condiciones_generales_del_contrato_de_subasta_inversa_electronica_bienes_y_servicios,procesos/1747559/5_condiciones_generales_del_contrato_de_subasta_inversa_electronica_bienes_y_servicios.txt
1747559,formulario_1_1,procesos/1747559/formulario_1_1.txt
1747559,formulario_1_3,procesos/1747559/formulario_1_3.txt
1747559,formulario_unico_de_la_oferta_sie,procesos/1747559/formulario_unico_de_la_oferta_sie.txt
1747559,certificacion_presupuestaria_no_165-signed,procesos/1747559/certificacion_presupuestaria_no_165-signed.txt
1747559,estudio_de_mercado_arrendamiento_ok_firmado,procesos/1747559/estudio_de_mercado_arrendamiento_ok_firmado.txt
1747559,tdr_sie_12_alquiler_de_vih_proceso_electoral_signed,procesos/1747559/tdr_sie_12_alquiler_de_vih_proceso_electoral_signed.txt
1747559,3_informes_de_necesidad,procesos/1747559/3_informes_de_necesidad.txt
1747559,9_2_certificacion_pac_2022_vehiculos,procesos/1747559/9_2_certificacion_pac_2022_vehiculos.txt
1747559,11_especificaciones_tecnicas,procesos/1747559/11_especificaciones_tecnicas.txt
1747559,16_documento_inicio_proceso,procesos/1747559/16_documento_inicio_proceso.txt
1747559,9_3_certificacion_cate,procesos/1747559/9_3_certificacion_cate.txt
1747559,anexo_estudio_de_mercado_cotizacion_1,procesos/1747559/anexo_estudio_de_mercado_cotizacion_1.txt
1747559,anexo_estudio_de_mercado_cotizacion_2,procesos/1747559/anexo_estudio_de_mercado_cotizacion_2.txt
1698629,registro_fotografico,procesos/1698629/registro_fotografico.txt
1698629,resolucion_delegacion,procesos/1698629/resolucion_delegacion.txt
1699086,certificacion_del_pac-signed,procesos/1699086/certificacion_del_pac-signed.txt
1699086,certificacion_presupuestaria-signed,procesos/1699086/certificacion_presupuestaria-signed.txt
1699086,informacion_relevante_y_especificaciones_tecnicas-signed-signed-signed,procesos/1699086/informacion_relevante_y_especificaciones_tecnicas-signed-signed-signed.txt
1699086,informe_de_la_necesidad-signed,procesos/1699086/informe_de_la_necesidad-signed.txt
1699086,oficio_de_adquisicion-signed,procesos/1699086/oficio_de_adquisicion-signed.txt
1699086,verificacion_del_catalogo_electronico-signed,procesos/1699086/verificacion_del_catalogo_electronico-signed.txt
1699086,resolucion_de_inicio_de_proceso_y_aprobacion_de_pliegos-signed,procesos/1699086/resolucion_de_inicio_de_proceso_y_aprobacion_de_pliegos-signed.txt
1718947,formulario_1_1_presentacion_y_compromiso,procesos/1718947/formulario_1_1_presentacion_y_compromiso.txt
1718947,formulario_1_3_socios__accionistas_2022,procesos/1718947/formulario_1_3_socios__accionistas_2022.txt
1718947,lineamientos_emision_de_garantia_tecnica,procesos/1718947/lineamientos_emision_de_garantia_tecnica.txt
1718947,guia_para_elaboracion_y_firma_de_ofertas_mfc,procesos/1718947/guia_para_elaboracion_y_firma_de_ofertas_mfc.txt
1718947,condiciones_generales_pliego_sie,procesos/1718947/condiciones_generales_pliego_sie.txt
1718947,anexo_001-presentacion_ofertas_en_celec_ep_-_sie-068-2022,procesos/1718947/anexo_001-presentacion_ofertas_en_celec_ep_-_sie-068-2022.txt
1718947,declaracion_bajo_juramento_no_tener_glosas,procesos/1718947/declaracion_bajo_juramento_no_tener_glosas.txt
1718947,especificaciones_tecnicas_-_ccs-ete-112-22_-_final,procesos/1718947/especificaciones_tecnicas_-_ccs-ete-112-22_-_final.txt
1718947,proyecto_de_contrato_sie-celccs-068-2022,procesos/1718947/proyecto_de_contrato_sie-celccs-068-2022.txt
1718947,anexo_et_-_ccs-dco-00345-22,procesos/1718947/anexo_et_-_ccs-dco-00345-22.txt
1743301,0_indice_de_subasta_inversa_electronica1,procesos/1743301/0_indice_de_subasta_inversa_electronica1.txt
1743301,1_condiciones_particulares_del_pliego_de_subasta_inversa_electronica1,procesos/1743301/1_condiciones_particulares_del_pliego_de_subasta_inversa_electronica1.txt
1743301,2_condiciones_generales_del_pliego_de_subasta_inversa_electronica_bienes_y_servicios,procesos/1743301/2_condiciones_generales_del_pliego_de_subasta_inversa_electronica_bienes_y_servicios.txt
1743301,3_formulario_de_compromiso_de_asociacion_o_consorcio,procesos/1743301/3_formulario_de_compromiso_de_asociacion_o_consorcio.txt
1743301,5_condiciones_generales_del_contrato_de_subasta_inversa_electronica_bienes_y_servicios,procesos/1743301/5_condiciones_generales_del_contrato_de_subasta_inversa_electronica_bienes_y_servicios.txt
1743301,condiciones_particulares_del_contrato_de_subasta_inversa_electronica,procesos/1743301/condiciones_particulares_del_contrato_de_subasta_inversa_electronica.txt
1743301,formulario-unico-de-la-oferta-subasta-inversa-bys,procesos/1743301/formulario-unico-de-la-oferta-subasta-inversa-bys.txt
1743301,instructivo_para_enviar_ofertas_sie-gadmcq-019-2022-signed,procesos/1743301/instructivo_para_enviar_ofertas_sie-gadmcq-019-2022-signed.txt
1680430,condiciones_generales_de_los_pliegos_sie,procesos/1680430/condiciones_generales_de_los_pliegos_sie.txt
1680430,anexo_1_formularios_de_la_oferta_word_,procesos/1680430/anexo_1_formularios_de_la_oferta_word_.txt
1680430,anexo_2_entrega_de_ofertas_y_convalidaciones_gadcg,procesos/1680430/anexo_2_entrega_de_ofertas_y_convalidaciones_gadcg.txt
1680430,formularios_de_la_oferta_sie,procesos/1680430/formularios_de_la_oferta_sie.txt
1680430,proyecto_de_contrato,procesos/1680430/proyecto_de_contrato.txt
1680430,terminos_de_referencia_signed,procesos/1680430/terminos_de_referencia_signed.txt
1680430,verificacion_ce_signed,procesos/1680430/verificacion_ce_signed.txt
1680430,observaciones_previas_copia,procesos/1680430/observaciones_previas_copia.txt
1680430,ush_pliego_pli_subinv-signed,procesos/1680430/ush_pliego_pli_subinv-signed.txt
1735450,4_terminos_de_referencia__04_10_2022-signed-signed,procesos/1735450/4_terminos_de_referencia__04_10_2022-signed-signed.txt
1735450,3_estudio_de_mercado_fase_microfilm__04_10_2022-signed-signed,procesos/1735450/3_estudio_de_mercado_fase_microfilm__04_10_2022-signed-signed.txt
1735450,2_cuadro_comparativo_actualizado_04_10_2022-signed-signed,procesos/1735450/2_cuadro_comparativo_actualizado_04_10_2022-signed-signed.txt
1735450,21_certificacion_cate_019_conversion_rollos_-signed,procesos/1735450/21_certificacion_cate_019_conversion_rollos_-signed.txt
1735450,1-_460000059_cp-signed-signed,procesos/1735450/1-_460000059_cp-signed-signed.txt
1735450,2-_460000059_iva-signed-signed,procesos/1735450/2-_460000059_iva-signed-signed.txt
1735450,3-_510000010_cp-signed-signed,procesos/1735450/3-_510000010_cp-signed-signed.txt
1735450,61_510000011_cp-signed-signed,procesos/1735450/61_510000011_cp-signed-signed.txt
1735450,62_460000067_iva-signed-signed,procesos/1735450/62_460000067_iva-signed-signed.txt
1735450,63_460000067_cp-signed-signed,procesos/1735450/63_460000067_cp-signed-signed.txt
1711362,terminos_de_referencia,procesos/1711362/terminos_de_referencia.txt
1711362,formulario_nomina_de_socios,procesos/1711362/formulario_nomina_de_socios.txt
1711362,formulario_de_presentacion_y_compormiso,procesos/1711362/formulario_de_presentacion_y_compormiso.txt
1711362,condiciones_generales_del_pliego,procesos/1711362/condiciones_generales_del_pliego.txt
1711362,condiciones_generales_del_contrato,procesos/1711362/condiciones_generales_del_contrato.txt
1711362,condiciones_particulares_del_contrato,procesos/1711362/condiciones_particulares_del_contrato.txt
1729307,especificacionestecnicas_signed-signed-signed,procesos/1729307/especificacionestecnicas_signed-signed-signed.txt
1729307,informe_tecnico_signed-signed-signed,procesos/1729307/informe_tecnico_signed-signed-signed.txt
1728472,politica_antisoborno,procesos/1728472/politica_antisoborno.txt
1728472,1-declaracion_de_etica_y-tranasparencia_para_proveedores,procesos/1728472/1-declaracion_de_etica_y-tranasparencia_para_proveedores.txt
1728472,circular_n_sercop_2020_0022_c,procesos/1728472/circular_n_sercop_2020_0022_c.txt
1728472,1-condiciones_particulares_del_proceso,procesos/1728472/1-condiciones_particulares_del_proceso.txt
1728472,1-condiciones_generales_del_proceso,procesos/1728472/1-condiciones_generales_del_proceso.txt
1728472,1-condiciones_particulares_del_contrato,procesos/1728472/1-condiciones_particulares_del_contrato.txt
1728472,1-condiciones_generales_del_contrato,procesos/1728472/1-condiciones_generales_del_contrato.txt
1728472,modelo_de_contrato,procesos/1728472/modelo_de_contrato.txt
1728472,especificaciones_tecnicas,procesos/1728472/especificaciones_tecnicas.txt
1728472,formulario-enico-de-la-oferta,procesos/1728472/formulario-enico-de-la-oferta.txt
1728472,resolucion_administrativa_52-dgsg-20,procesos/1728472/resolucion_administrativa_52-dgsg-20.txt
1710924,informe_de_necesidad-signed,procesos/1710924/informe_de_necesidad-signed.txt
1710924,especificaciones_tecnicas_corregido,procesos/1710924/especificaciones_tecnicas_corregido.txt
1718396,tdr_sun_oracle-signed-signed-signed,procesos/1718396/tdr_sun_oracle-signed-signed-signed.txt
1718396,0_indice_de_subasta_inversa_electronica1,procesos/1718396/0_indice_de_subasta_inversa_electronica1.txt
1718396,1_condiciones_particulares_del_pliego_de_subasta_inversa_electronica1,procesos/1718396/1_condiciones_particulares_del_pliego_de_subasta_inversa_electronica1.txt
1718396,2_condiciones_generales_del_pliego_de_subasta_inversa_electronica_bienes_y_servicios,procesos/1718396/2_condiciones_generales_del_pliego_de_subasta_inversa_electronica_bienes_y_servicios.txt
1718396,3_formulario_de_compromiso_de_asociacion_o_consorcio,procesos/1718396/3_formulario_de_compromiso_de_asociacion_o_consorcio.txt
1718396,5_condiciones_generales_del_contrato_de_subasta_inversa_electronica_bienes_y_servicios,procesos/1718396/5_condiciones_generales_del_contrato_de_subasta_inversa_electronica_bienes_y_servicios.txt
1718396,condiciones_particulares_del_contrato_de_subasta_inversa_electronica,procesos/1718396/condiciones_particulares_del_contrato_de_subasta_inversa_electronica.txt
1718396,formulario-unico-oferta-subasta-inversa-bys,procesos/1718396/formulario-unico-oferta-subasta-inversa-bys.txt
1699735,resolucion_inicio,procesos/1699735/resolucion_inicio.txt
1699735,anexo_especificaciones_tecnicas,procesos/1699735/anexo_especificaciones_tecnicas.txt
1699735,anexo_verificacion_y_evaluacion_de_las_ofertas_tecnicas,procesos/1699735/anexo_verificacion_y_evaluacion_de_las_ofertas_tecnicas.txt
1699735,formatos_carta_presentacion_y_compromiso_y_nomina_socios_y_accionistas,procesos/1699735/formatos_carta_presentacion_y_compromiso_y_nomina_socios_y_accionistas.txt
1699735,proyecto_contrato_sumillado_por_la_comision,procesos/1699735/proyecto_contrato_sumillado_por_la_comision.txt
1699735,petro-cci-com-2022-0269-m_designacion_comision,procesos/1699735/petro-cci-com-2022-0269-m_designacion_comision.txt
1699735,petro-cci-com-2022-0348-m_revision_proyecto_contrato,procesos/1699735/petro-cci-com-2022-0348-m_revision_proyecto_contrato.txt
1699735,condiciones_generales,procesos/1699735/condiciones_generales.txt
1699735,resolucion_petro-pgg-2021-0040-rsl_version_18_delegacion_ordenadores_gasto_,procesos/1699735/resolucion_petro-pgg-2021-0040-rsl_version_18_delegacion_ordenadores_gasto_.txt
1699735,resolucion_petro-pgg-2021-0181-rsl_ratificacion_de_las_resoluciones_40_65_y_114_,procesos/1699735/resolucion_petro-pgg-2021-0181-rsl_ratificacion_de_las_resoluciones_40_65_y_114_.txt
1699735,anexo_1_ordenadores_de_gasto_version_v_18,procesos/1699735/anexo_1_ordenadores_de_gasto_version_v_18.txt
1699735,resolucion_re-sercop-2020-0106_estudios_cpc__emergencia_adju_f_electronica,procesos/1699735/resolucion_re-sercop-2020-0106_estudios_cpc__emergencia_adju_f_electronica.txt
1699735,resolucion_2021-0112_sercop_15-01-2121__firma_electronica_emergencia_convalidacion,procesos/1699735/resolucion_2021-0112_sercop_15-01-2121__firma_electronica_emergencia_convalidacion.txt
1699735,sercop-sercop-2020-0022-c_firmas_electronicas,procesos/1699735/sercop-sercop-2020-0022-c_firmas_electronicas.txt
1708570,hiperconvergencia_final-signed-signed-signed,procesos/1708570/hiperconvergencia_final-signed-signed-signed.txt
1725258,especificaciones_tecnicas,procesos/1725258/especificaciones_tecnicas.txt
1725258,identificacion_de_la_necesidad__consulta_externa,procesos/1725258/identificacion_de_la_necesidad__consulta_externa.txt
1725258,formulario-unico-oferta-subasta-inversa-bys,procesos/1725258/formulario-unico-oferta-subasta-inversa-bys.txt
1714122,anexo_especificaciones_tecnicas,procesos/1714122/anexo_especificaciones_tecnicas.txt
1714122,1_condiciones_particulares_del_pliego_de_sie,procesos/1714122/1_condiciones_particulares_del_pliego_de_sie.txt
1714122,2_condiciones_generales_del_pliego_de_sie_,procesos/1714122/2_condiciones_generales_del_pliego_de_sie_.txt
1714122,5_condiciones_generales_del_contrato_de_sie_,procesos/1714122/5_condiciones_generales_del_contrato_de_sie_.txt
1714122,6_condiciones_particulares_del_contrato_de_sie,procesos/1714122/6_condiciones_particulares_del_contrato_de_sie.txt
1714122,resolucion_nro_re-sercop-2020-106,procesos/1714122/resolucion_nro_re-sercop-2020-106.txt
1714122,resolucion_nro_re-sercop-2020-0110,procesos/1714122/resolucion_nro_re-sercop-2020-0110.txt
1714122,resolucion_nro_re-sercop-2022-0124,procesos/1714122/resolucion_nro_re-sercop-2022-0124.txt
1714122,formulario_1_1_actualizado_con_resolucion_nro_re-sercop-2022-0124,procesos/1714122/formulario_1_1_actualizado_con_resolucion_nro_re-sercop-2022-0124.txt
1714122,formulario_1_3_actualizado_con_resolucion_nro_re-sercop-2022-0124,procesos/1714122/formulario_1_3_actualizado_con_resolucion_nro_re-sercop-2022-0124.txt
1714122,formulario_de_compromiso_de_asociacion_o_consorcio,procesos/1714122/formulario_de_compromiso_de_asociacion_o_consorcio.txt
1714122,circular_nro_sercop-sercop-2020-0022-c,procesos/1714122/circular_nro_sercop-sercop-2020-0022-c.txt
1679193,requerimiento_y_especificaciones_tecnicas-signed,procesos/1679193/requerimiento_y_especificaciones_tecnicas-signed.txt
1679193,formularios_para__ofertas,procesos/1679193/formularios_para__ofertas.txt
1682373,subasta_inversa_electronica_-_servicio_analisis_aceite_en_transformadores_poder_27-01-22-signed-1-signed,procesos/1682373/subasta_inversa_electronica_-_servicio_analisis_aceite_en_transformadores_poder_27-01-22-signed-1-signed.txt
1682373,especificaciones_tecnicas,procesos/1682373/especificaciones_tecnicas.txt
1682373,proyecto_de_contrato,procesos/1682373/proyecto_de_contrato.txt
1682373,formulario_garantia_tecnica_servicio,procesos/1682373/formulario_garantia_tecnica_servicio.txt
1682373,1-1_formulario_presentacion_compromiso,procesos/1682373/1-1_formulario_presentacion_compromiso.txt
1682373,1-3_formulario_socios_y_accionistas,procesos/1682373/1-3_formulario_socios_y_accionistas.txt
1682373,2_condiciones_generales_del_pliego_de_subasta_inversa_electronica_bienes_y_servicios,procesos/1682373/2_condiciones_generales_del_pliego_de_subasta_inversa_electronica_bienes_y_servicios.txt
1682373,5_condiciones_generales_del_contrato_de_subasta_inversa_electronica_bienes_y_servicios,procesos/1682373/5_condiciones_generales_del_contrato_de_subasta_inversa_electronica_bienes_y_servicios.txt
1682373,tabla_de_cantidades_y_rubros,procesos/1682373/tabla_de_cantidades_y_rubros.txt
1688179,tdrs_plantasfinal-signed-signed,procesos/1688179/tdrs_plantasfinal-signed-signed.txt
1688179,condiciones_particulares_del_pliego,procesos/1688179/condiciones_particulares_del_pliego.txt
1688179,condiciones_generales_del_pliego,procesos/1688179/condiciones_generales_del_pliego.txt
1688179,condiciones_generales_del_contrato,procesos/1688179/condiciones_generales_del_contrato.txt
1688179,3_formulario_de_la_oferta_de_subasta_inversa_electronica_bienes_y_servicios,procesos/1688179/3_formulario_de_la_oferta_de_subasta_inversa_electronica_bienes_y_servicios.txt
1688179,3_formulario_de_compromiso_de_asociacion_o_consorcio,procesos/1688179/3_formulario_de_compromiso_de_asociacion_o_consorcio.txt
1688179,condiciones_particulares,procesos/1688179/condiciones_particulares.txt
1688179,plantas_catalogo-signed,procesos/1688179/plantas_catalogo-signed.txt
1747694,0_indice_de_subasta_inversa_electronica,procesos/1747694/0_indice_de_subasta_inversa_electronica.txt
1747694,1_condiciones_particulares_del_pliego_de_subasta_inversa_electronica,procesos/1747694/1_condiciones_particulares_del_pliego_de_subasta_inversa_electronica.txt
1747694,2_condiciones_generales_del_pliego_de_subasta_inversa_electronica_bienes_y_servicios,procesos/1747694/2_condiciones_generales_del_pliego_de_subasta_inversa_electronica_bienes_y_servicios.txt
1747694,3_formulario_de_compromiso_de_asociacion_o_consorcio,procesos/1747694/3_formulario_de_compromiso_de_asociacion_o_consorcio.txt
1747694,5_condiciones_generales_del_contrato_de_subasta_inversa_electronica_bienes_y_servicios,procesos/1747694/5_condiciones_generales_del_contrato_de_subasta_inversa_electronica_bienes_y_servicios.txt
1747694,condiciones_particulares_del_contrato_de_subasta_inversa_electronica,procesos/1747694/condiciones_particulares_del_contrato_de_subasta_inversa_electronica.txt
1747694,anexo_1_forma_presentar_oferta,procesos/1747694/anexo_1_forma_presentar_oferta.txt
1747694,anexo_2_formularios_de_la_oferta,procesos/1747694/anexo_2_formularios_de_la_oferta.txt
1747694,nombramiento_gerente_general,procesos/1747694/nombramiento_gerente_general.txt
1747694,resolucion_gerencia_2022,procesos/1747694/resolucion_gerencia_2022.txt
1747694,informe_de_necesidad_simuladores_enfermeria,procesos/1747694/informe_de_necesidad_simuladores_enfermeria.txt
1747694,especificaciones_tecnica_simuladores_de_enfermeria,procesos/1747694/especificaciones_tecnica_simuladores_de_enfermeria.txt
1727789,certificacion_cate_nro_046-signed,procesos/1727789/certificacion_cate_nro_046-signed.txt
1727789,certificacion_pac_nro_054-signed,procesos/1727789/certificacion_pac_nro_054-signed.txt
1727789,certificacion_poa_nro_gaddmq-mmqep-mv-2022-38,procesos/1727789/certificacion_poa_nro_gaddmq-mmqep-mv-2022-38.txt
1727789,certificacion_presupuestaria_nro_160,procesos/1727789/certificacion_presupuestaria_nro_160.txt
1727789,certificado_de_no_existencia_en_stock_nro_002-a,procesos/1727789/certificado_de_no_existencia_en_stock_nro_002-a.txt
1727789,comprobante_de_inicio_de_tramite-34b-0cpiw6_factibilidad_mintel,procesos/1727789/comprobante_de_inicio_de_tramite-34b-0cpiw6_factibilidad_mintel.txt
1727789,especificaciones_tecnicas_sistema_integral,procesos/1727789/especificaciones_tecnicas_sistema_integral.txt
1727789,estudio_de_mercado,procesos/1727789/estudio_de_mercado.txt
1727789,identificacion_de_la_necesidad,procesos/1727789/identificacion_de_la_necesidad.txt
1728299,tor-03-r17_torre_para_cirugia_laparoscopica-signed,procesos/1728299/tor-03-r17_torre_para_cirugia_laparoscopica-signed.txt
1728299,tor-05-r09_torre_para_cirugia_artroscopica-signed,procesos/1728299/tor-05-r09_torre_para_cirugia_artroscopica-signed.txt
1728299,especificaciones_tecnicas_cirugia-signed-signed-signed,procesos/1728299/especificaciones_tecnicas_cirugia-signed-signed-signed.txt
1728299,0_indice_de_subasta_inversa_electronica,procesos/1728299/0_indice_de_subasta_inversa_electronica.txt
1728299,1_condiciones_particulares_del_pliego_de_subasta_inversa_electronica1,procesos/1728299/1_condiciones_particulares_del_pliego_de_subasta_inversa_electronica1.txt
1728299,2_condiciones_generales_del_pliego_de_subasta_inversa_electronica_bienes_y_servicios,procesos/1728299/2_condiciones_generales_del_pliego_de_subasta_inversa_electronica_bienes_y_servicios.txt
1728299,3_formulario_de_la_oferta_de_subasta_inversa_electronica_bienes_y_servicios,procesos/1728299/3_formulario_de_la_oferta_de_subasta_inversa_electronica_bienes_y_servicios.txt
1728299,4_condiciones_particulares_del_contrato_de_subasta_inversa_electronica-1,procesos/1728299/4_condiciones_particulares_del_contrato_de_subasta_inversa_electronica-1.txt
1728299,5_condiciones_generales_del_contrato_de_subasta_inversa_electronica_bienes_y_servicios,procesos/1728299/5_condiciones_generales_del_contrato_de_subasta_inversa_electronica_bienes_y_servicios.txt
1702911,condiciones_particulares_del_pliego,procesos/1702911/condiciones_particulares_del_pliego.txt
1702911,condiciones_generales_del_pliego,procesos/1702911/condiciones_generales_del_pliego.txt
1702911,formulario_de_compromiso_asociacion_y_consorcio,procesos/1702911/formulario_de_compromiso_asociacion_y_consorcio.txt
1702911,condiciones_particulares_del_contrato,procesos/1702911/condiciones_particulares_del_contrato.txt
1702911,condiciones_generales_del_contrato,procesos/1702911/condiciones_generales_del_contrato.txt
1702911,delegacion_325__73039-signed-signed,procesos/1702911/delegacion_325__73039-signed-signed.txt
1702911,formulario_unico_oferta_subasta_inversa_bys,procesos/1702911/formulario_unico_oferta_subasta_inversa_bys.txt
1738827,anexo_20,procesos/1738827/anexo_20.txt
1738827,modelo_de_pliegos_socios_actualizado,procesos/1738827/modelo_de_pliegos_socios_actualizado.txt
1738827,proyecto_de_contrato,procesos/1738827/proyecto_de_contrato.txt
1714258,termino_de_referencia,procesos/1714258/termino_de_referencia.txt
1714258,1_condiciones_particulares_del_pliego_de_subasta_inversa_electronica1,procesos/1714258/1_condiciones_particulares_del_pliego_de_subasta_inversa_electronica1.txt
1714258,2_condiciones_generales_del_pliego_de_subasta_inversa_electronica_bienes_y_servicios,procesos/1714258/2_condiciones_generales_del_pliego_de_subasta_inversa_electronica_bienes_y_servicios.txt
1714258,3_formulario_de_compromiso_de_asociacion_o_consorcio,procesos/1714258/3_formulario_de_compromiso_de_asociacion_o_consorcio.txt
1714258,formulario-unico-oferta-subasta-inversa-bys,procesos/1714258/formulario-unico-oferta-subasta-inversa-bys.txt
1714258,autizacion_ministerio_del_interior_centros_emblematicos,procesos/1714258/autizacion_ministerio_del_interior_centros_emblematicos.txt
1714258,autorizacion__ministerio_del_interior__ddsl-cgsl,procesos/1714258/autorizacion__ministerio_del_interior__ddsl-cgsl.txt
1703008,especificaciones_tecnicas-signed,procesos/1703008/especificaciones_tecnicas-signed.txt
1703008,resolucion_359_ant,procesos/1703008/resolucion_359_ant.txt
1703008,resolucion_adm_036_2021_a_0001,procesos/1703008/resolucion_adm_036_2021_a_0001.txt
1737580,2_condiciones_generales_del_pliego_de_subasta_inversa_electronica_bienes_y_servicios,procesos/1737580/2_condiciones_generales_del_pliego_de_subasta_inversa_electronica_bienes_y_servicios.txt
1737580,3_formulario_de_compromiso_de_asociacion_o_consorcio,procesos/1737580/3_formulario_de_compromiso_de_asociacion_o_consorcio.txt
1737580,5_condiciones_generales_del_contrato_de_subasta_inversa_electronica_bienes_y_servicios,procesos/1737580/5_condiciones_generales_del_contrato_de_subasta_inversa_electronica_bienes_y_servicios.txt
1737580,autorizado_inicio,procesos/1737580/autorizado_inicio.txt
1737580,caracteristicas_tecnicas-signed-signed_firmado-signed,procesos/1737580/caracteristicas_tecnicas-signed-signed_firmado-signed.txt
1737580,cdp,procesos/1737580/cdp.txt
1737580,condiciones_particulares_del_contrato_de_subasta_inversa_electronica,procesos/1737580/condiciones_particulares_del_contrato_de_subasta_inversa_electronica.txt
1737580,determinacion_de_la_necesidad-signed-signed_firmado-signed,procesos/1737580/determinacion_de_la_necesidad-signed-signed_firmado-signed.txt
1737580,requisicion,procesos/1737580/requisicion.txt
1737580,formulario_1_1_y_1_3,procesos/1737580/formulario_1_1_y_1_3.txt
1737580,informe_justificativo_del_anticipo-signed-signed_firmado-signed,procesos/1737580/informe_justificativo_del_anticipo-signed-signed_firmado-signed.txt
1737580,informe_justificativo_del_presupuesto_referencial-signed-signed_firmado-signed,procesos/1737580/informe_justificativo_del_presupuesto_referencial-signed-signed_firmado-signed.txt
1737580,memorando_de_inicio,procesos/1737580/memorando_de_inicio.txt
1737580,tdr,procesos/1737580/tdr.txt
1737580,verificacion_catalogo_electronico-signed,procesos/1737580/verificacion_catalogo_electronico-signed.txt
1737580,certificacion_sie-cnelcorp-42-2022-signed,procesos/1737580/certificacion_sie-cnelcorp-42-2022-signed.txt
1726356,0_indice_de_subasta_inversa_electronica1,procesos/1726356/0_indice_de_subasta_inversa_electronica1.txt
1726356,1_condiciones_particulares_del_pliego_de_subasta_inversa_electronica1,procesos/1726356/1_condiciones_particulares_del_pliego_de_subasta_inversa_electronica1.txt
1726356,2_condiciones_generales_del_pliego_de_subasta_inversa_electronica_bienes_y_servicios,procesos/1726356/2_condiciones_generales_del_pliego_de_subasta_inversa_electronica_bienes_y_servicios.txt
1726356,3_formulario_de_compromiso_de_asociacion_o_consorcio,procesos/1726356/3_formulario_de_compromiso_de_asociacion_o_consorcio.txt
1726356,5_condiciones_generales_del_contrato_de_subasta_inversa_electronica_bienes_y_servicios,procesos/1726356/5_condiciones_generales_del_contrato_de_subasta_inversa_electronica_bienes_y_servicios.txt
1726356,condiciones_particulares_del_contrato_de_subasta_inversa_electronica,procesos/1726356/condiciones_particulares_del_contrato_de_subasta_inversa_electronica.txt
1726356,formulario-unico-oferta-subasta-inversa-bys,procesos/1726356/formulario-unico-oferta-subasta-inversa-bys.txt
1726356,certificacion_catalogo,procesos/1726356/certificacion_catalogo.txt
1726356,certificacion_pac,procesos/1726356/certificacion_pac.txt
1726356,certificacion_presupuestaria,procesos/1726356/certificacion_presupuestaria.txt
1726356,edm_equipo_medico_de_cirugia_ok_ok_final,procesos/1726356/edm_equipo_medico_de_cirugia_ok_ok_final.txt
1726356,estudio_de_viabilidad,procesos/1726356/estudio_de_viabilidad.txt
1726356,informe_de_justificacion,procesos/1726356/informe_de_justificacion.txt
1726356,informe_necesidad_nuevo,procesos/1726356/informe_necesidad_nuevo.txt
1726356,ficha_tecnica_torre_de_laparoscopia,procesos/1726356/ficha_tecnica_torre_de_laparoscopia.txt
1701657,condiciones_generales_del_contrato,procesos/1701657/condiciones_generales_del_contrato.txt
1701657,condiciones_generales_del_proceso,procesos/1701657/condiciones_generales_del_proceso.txt
1701657,condiciones_particulares_del_contrato,procesos/1701657/condiciones_particulares_del_contrato.txt
1701657,forma_de_presentar_las_ofertas,procesos/1701657/forma_de_presentar_las_ofertas.txt
1701657,formulario_de_compromiso_de_asociacion_o_consorcio,procesos/1701657/formulario_de_compromiso_de_asociacion_o_consorcio.txt
1701657,formulario_de_oferta,procesos/1701657/formulario_de_oferta.txt
1701657,identificacion_necesidad,procesos/1701657/identificacion_necesidad.txt
1701657,terminos_de_referencia,procesos/1701657/terminos_de_referencia.txt
1684854,especificaciones_tecnicas,procesos/1684854/especificaciones_tecnicas.txt
1684854,dra_guerrero_gerente_heee,procesos/1684854/dra_guerrero_gerente_heee.txt
1684854,condiciones_generales_del_contrato_de_subasta_inversa_electronica_,procesos/1684854/condiciones_generales_del_contrato_de_subasta_inversa_electronica_.txt
1684854,condiciones_generales_del_pliego_de_subasta_inversa_electronica,procesos/1684854/condiciones_generales_del_pliego_de_subasta_inversa_electronica.txt
1684854,condiciones_particulares_del_contrato_de_subasta_inversa_electroica_,procesos/1684854/condiciones_particulares_del_contrato_de_subasta_inversa_electroica_.txt
1728315,especificaciones_tecnicas,procesos/1728315/especificaciones_tecnicas.txt
1732526,condiciones_particulares_del_pliego_sie,procesos/1732526/condiciones_particulares_del_pliego_sie.txt
1732526,condiciones_generales_del_pliego_sie,procesos/1732526/condiciones_generales_del_pliego_sie.txt
1732526,condiciones_generales_del_contrato_sie,procesos/1732526/condiciones_generales_del_contrato_sie.txt
1732526,023_formul_1_1_present_y_comp,procesos/1732526/023_formul_1_1_present_y_comp.txt
1732526,024_formulario_1_3_nomina_de_socios,procesos/1732526/024_formulario_1_3_nomina_de_socios.txt
1732526,020_condiciones_particulares_contrato,procesos/1732526/020_condiciones_particulares_contrato.txt
1732526,001_2_sercop-sercop-2020-0022-c,procesos/1732526/001_2_sercop-sercop-2020-0022-c.txt
1732526,001_3_sercop-sercop-2021-0021-c,procesos/1732526/001_3_sercop-sercop-2021-0021-c.txt
1732526,001_4formulario_politica_de_transparencia,procesos/1732526/001_4formulario_politica_de_transparencia.txt
1732526,001_5_politica_antisoborno,procesos/1732526/001_5_politica_antisoborno.txt
1732526,001_6_resolucion_042-jb-_cbdmq-2022,procesos/1732526/001_6_resolucion_042-jb-_cbdmq-2022.txt
1732526,004_informe_de_necesidad_y_estudio_de_viabilidad-signed-signed,procesos/1732526/004_informe_de_necesidad_y_estudio_de_viabilidad-signed-signed.txt
1732526,003_2_anexo_2a_adquisicion_de_furgonetas-signed-signed,procesos/1732526/003_2_anexo_2a_adquisicion_de_furgonetas-signed-signed.txt
1732526,003_3_anexo_2b_adquisicion_de_furgonetas-signed-signed,procesos/1732526/003_3_anexo_2b_adquisicion_de_furgonetas-signed-signed.txt
1732526,005_estudio_de_mercado-signed-signed,procesos/1732526/005_estudio_de_mercado-signed-signed.txt
1732526,005_1_cotizacion_staria_hyundai,procesos/1732526/005_1_cotizacion_staria_hyundai.txt
1732526,005_2_cotizacion_carnival_kia,procesos/1732526/005_2_cotizacion_carnival_kia.txt
1732526,005_3_1_cotizacion_traveller_peugeot,procesos/1732526/005_3_1_cotizacion_traveller_peugeot.txt
1732526,006_autorizacion_sercop,procesos/1732526/006_autorizacion_sercop.txt
1732526,003_especificaciones_tecnicas_actualizadas-signed-signed,procesos/1732526/003_especificaciones_tecnicas_actualizadas-signed-signed.txt
1705636,condiciones_generales_del_contrato_de_subasta_inversa_electronica_,procesos/1705636/condiciones_generales_del_contrato_de_subasta_inversa_electronica_.txt
1705636,condiciones_generales_del_pliego_de_subasta_inversa_electronica,procesos/1705636/condiciones_generales_del_pliego_de_subasta_inversa_electronica.txt
1705636,condiciones_particulares_del_contrato_de_subasta_inversa_electroica_,procesos/1705636/condiciones_particulares_del_contrato_de_subasta_inversa_electroica_.txt
1705636,dra_guerrero_gerente_heee,procesos/1705636/dra_guerrero_gerente_heee.txt
1705636,formulario_de_compromiso_de_asociacion_o_consorcio,procesos/1705636/formulario_de_compromiso_de_asociacion_o_consorcio.txt
1742281,tdr_gibaul_tuberia_2022_corregido-signed,procesos/1742281/tdr_gibaul_tuberia_2022_corregido-signed.txt
1742281,actualizacion_requerimiento_materiales_aapp_medidores-signed,procesos/1742281/actualizacion_requerimiento_materiales_aapp_medidores-signed.txt
1742281,memo_1327_-_compras_cotizacion_materiales_para_mantenimiento_de_redes-signed,procesos/1742281/memo_1327_-_compras_cotizacion_materiales_para_mantenimiento_de_redes-signed.txt
1742281,necesidades_de_contratacion_y_recepcion_de_proformas,procesos/1742281/necesidades_de_contratacion_y_recepcion_de_proformas.txt
1742281,memo_1521_-_financiero_certif_presupuestaria__abquisicion_de_materiaales_para_el_manteniento_de_redes-signed,procesos/1742281/memo_1521_-_financiero_certif_presupuestaria__abquisicion_de_materiaales_para_el_manteniento_de_redes-signed.txt
1742281,cp_226_adquisicion_de_materiales_para_manteniemiento_de_sistema_de_redes_aapp_2022-signed-signed,procesos/1742281/cp_226_adquisicion_de_materiales_para_manteniemiento_de_sistema_de_redes_aapp_2022-signed-signed.txt
1742281,256-2022-sgf-lr-memo_1521_adquisicion_de_materiales_de_aapp_y_aass-signed,procesos/1742281/256-2022-sgf-lr-memo_1521_adquisicion_de_materiales_de_aapp_y_aass-signed.txt
1742281,memo_1595-_compras_publicas-autorizacion_de_proceso_de_contratacion-signed,procesos/1742281/memo_1595-_compras_publicas-autorizacion_de_proceso_de_contratacion-signed.txt
1754320,condiciones_generales,procesos/1754320/condiciones_generales.txt
1754320,anexo_formulario_23_nov_2022,procesos/1754320/anexo_formulario_23_nov_2022.txt
1754320,documento_de_declaracion_bajo_juramento_de_no_tener_glosas_en_la_cge,procesos/1754320/documento_de_declaracion_bajo_juramento_de_no_tener_glosas_en_la_cge.txt
1754320,anexo_forma_de_presentacion_de_ofertas,procesos/1754320/anexo_forma_de_presentacion_de_ofertas.txt
1754320,instructivo_para_elaboracion_y_firma_de_ofertas,procesos/1754320/instructivo_para_elaboracion_y_firma_de_ofertas.txt
1754320,sercop-sercop-2020-0022-c,procesos/1754320/sercop-sercop-2020-0022-c.txt
1754320,proyecto_de_contrato,procesos/1754320/proyecto_de_contrato.txt
1716157,096_certificacion_vcate_seguridad_y_vigilancia_sie_015-signed,procesos/1716157/096_certificacion_vcate_seguridad_y_vigilancia_sie_015-signed.txt
1716157,verificacion_cpc_8525000101-signed,procesos/1716157/verificacion_cpc_8525000101-signed.txt
1716157,identificacion_de_necesidad,procesos/1716157/identificacion_de_necesidad.txt
1716157,015_resolucion_aprobacion_pliegos_sie_015_seguridad-signed,procesos/1716157/015_resolucion_aprobacion_pliegos_sie_015_seguridad-signed.txt
1739662,1_msp-fin-hvcm-cz6-2022-1474-m,procesos/1739662/1_msp-fin-hvcm-cz6-2022-1474-m.txt
1739662,2_cert_poa_828_eq_venoclisis,procesos/1739662/2_cert_poa_828_eq_venoclisis.txt
1739662,3_certificacion_828,procesos/1739662/3_certificacion_828.txt
1739662,4_req_1287_equipo_venoclisis,procesos/1739662/4_req_1287_equipo_venoclisis.txt
1739662,5_especificaciones_tecnicas,procesos/1739662/5_especificaciones_tecnicas.txt
1739662,6_estudio_mercado,procesos/1739662/6_estudio_mercado.txt
1739662,151_pac-_equipo_venoclisis-signed,procesos/1739662/151_pac-_equipo_venoclisis-signed.txt
1739662,151_verificacion_catalogo_venoclisis-signed,procesos/1739662/151_verificacion_catalogo_venoclisis-signed.txt
1739662,ficha_msp,procesos/1739662/ficha_msp.txt
1739662,calculo_proyectado,procesos/1739662/calculo_proyectado.txt
1739662,memo_cpm,procesos/1739662/memo_cpm.txt
1739662,msp-gadmin-hvcm-cz6-2022-0560-m,procesos/1739662/msp-gadmin-hvcm-cz6-2022-0560-m.txt
1739662,reporte_stock,procesos/1739662/reporte_stock.txt
1678278,tdr_seguridad_2022_actualizado-signed-signed,procesos/1678278/tdr_seguridad_2022_actualizado-signed-signed.txt
1678278,condiciones_generales_contrato_sub_inv,procesos/1678278/condiciones_generales_contrato_sub_inv.txt
1678278,condiciones_particulares_contrato_sub_inv,procesos/1678278/condiciones_particulares_contrato_sub_inv.txt
1678278,formulario_consorcio,procesos/1678278/formulario_consorcio.txt
1678278,formularios_sub_inv,procesos/1678278/formularios_sub_inv.txt
1678278,formulario_de_cumplimiento_res_044,procesos/1678278/formulario_de_cumplimiento_res_044.txt
1695084,formulario_1_1,procesos/1695084/formulario_1_1.txt
1695084,formulario_1_3,procesos/1695084/formulario_1_3.txt
1695084,pliegos_condiciones_generales,procesos/1695084/pliegos_condiciones_generales.txt
1677093,0_indice_de_subasta_inversa_electronica1,procesos/1677093/0_indice_de_subasta_inversa_electronica1.txt
1677093,1_condiciones_particulares_del_pliego_de_subasta_inversa_electronica1,procesos/1677093/1_condiciones_particulares_del_pliego_de_subasta_inversa_electronica1.txt
1677093,2_condiciones_generales_del_pliego_de_subasta_inversa_electronica_bienes_y_servicios,procesos/1677093/2_condiciones_generales_del_pliego_de_subasta_inversa_electronica_bienes_y_servicios.txt
1677093,3_formulario_de_compromiso_de_asociacion_o_consorcio,procesos/1677093/3_formulario_de_compromiso_de_asociacion_o_consorcio.txt
1677093,3_formulario_de_la_oferta_de_subasta_inversa_electronica_bienes_y_servicios,procesos/1677093/3_formulario_de_la_oferta_de_subasta_inversa_electronica_bienes_y_servicios.txt
1677093,5_condiciones_generales_del_contrato_de_subasta_inversa_electronica_bienes_y_servicios,procesos/1677093/5_condiciones_generales_del_contrato_de_subasta_inversa_electronica_bienes_y_servicios.txt
1677093,condiciones_particulares_del_contrato_de_subasta_inversa_electronica,procesos/1677093/condiciones_particulares_del_contrato_de_subasta_inversa_electronica.txt
1677093,tdr_maquinaria_conv-gpa-signed,procesos/1677093/tdr_maquinaria_conv-gpa-signed.txt
1677093,ush_pliego_plisubinv-signed,procesos/1677093/ush_pliego_plisubinv-signed.txt
1711639,1-4_condiciones_particulares_del_contrato_de_subasta_inversa_electronica,procesos/1711639/1-4_condiciones_particulares_del_contrato_de_subasta_inversa_electronica.txt
1711639,2_condiciones_generales_del_pliego_de_subasta_inversa_electronica_bienes_y_servicios-convertido_ok,procesos/1711639/2_condiciones_generales_del_pliego_de_subasta_inversa_electronica_bienes_y_servicios-convertido_ok.txt
1711639,5_condiciones_generales_del_contrato_de_subasta_inversa_electronica_bienes_y_servicios_ok,procesos/1711639/5_condiciones_generales_del_contrato_de_subasta_inversa_electronica_bienes_y_servicios_ok.txt
1711639,declaracion_de_etica_y_transparencia_para_proveedores,procesos/1711639/declaracion_de_etica_y_transparencia_para_proveedores.txt
1711639,formularios_1_1_y_1_3_actualizados_sie_bys__a_mayo_2022,procesos/1711639/formularios_1_1_y_1_3_actualizados_sie_bys__a_mayo_2022.txt
1711639,politica__antisoborno,procesos/1711639/politica__antisoborno.txt
1711639,sercop_0022_c_firma_electronica,procesos/1711639/sercop_0022_c_firma_electronica.txt
1711639,mem-361-crpc-22_conformacion_de_comision_tecnica_el_chaupi-signed,procesos/1711639/mem-361-crpc-22_conformacion_de_comision_tecnica_el_chaupi-signed.txt
1741331,21_ficaciones_tecnicas_adquisicion_mesas_y_sillas_final-revisado-signed-signed0543625001666191051,procesos/1741331/21_ficaciones_tecnicas_adquisicion_mesas_y_sillas_final-revisado-signed-signed0543625001666191051.txt
1741331,18_nececidad_de_requerimiento_mesas_y_sillas_cne_-_revisado-signed-signed0863525001666191049,procesos/1741331/18_nececidad_de_requerimiento_mesas_y_sillas_cne_-_revisado-signed-signed0863525001666191049.txt
1741331,20_para_la_determinacion_del_presupuesto_sillas_y_mesas_-revisado-signed-signed0707568001666191050,procesos/1741331/20_para_la_determinacion_del_presupuesto_sillas_y_mesas_-revisado-signed-signed0707568001666191050.txt
1741331,22_ficha_tecnica_mesas_y_sillas_cne_2023_-signed-signed0025292001666190995,procesos/1741331/22_ficha_tecnica_mesas_y_sillas_cne_2023_-signed-signed0025292001666190995.txt
1741331,23_92__convenio_cne-mdi-signed-signed0112932001666191034,procesos/1741331/23_92__convenio_cne-mdi-signed-signed0112932001666191034.txt
1741331,27_n_catalogo_130-2022-_adquisicion_mesas_y_sillas_para_eleccciones_2023-signed0894547001666212472,procesos/1741331/27_n_catalogo_130-2022-_adquisicion_mesas_y_sillas_para_eleccciones_2023-signed0894547001666212472.txt
1741331,35_certificacion_sillas_mesas_nro_521,procesos/1741331/35_certificacion_sillas_mesas_nro_521.txt
1741331,44_certificacion_pac_053_mesas_y_sillas-signed,procesos/1741331/44_certificacion_pac_053_mesas_y_sillas-signed.txt
1741331,43_043_reformulacion_mesas_sillas-signed,procesos/1741331/43_043_reformulacion_mesas_sillas-signed.txt
1733762,anexo_forma_presentacion_de_ofertas_conval_225-2022,procesos/1733762/anexo_forma_presentacion_de_ofertas_conval_225-2022.txt
1733762,circular_nro_sercop_sercop_2020_0022_c,procesos/1733762/circular_nro_sercop_sercop_2020_0022_c.txt
1733762,condiciones_generales_del_pliego,procesos/1733762/condiciones_generales_del_pliego.txt
1733762,condiciones_particulares_del_pliego_sie,procesos/1733762/condiciones_particulares_del_pliego_sie.txt
1733762,documento_de_declaracion_bajo_juramento_de_no_tener_glosas_en_la_cge,procesos/1733762/documento_de_declaracion_bajo_juramento_de_no_tener_glosas_en_la_cge.txt
1733762,formulario_1-1_presentacion_y_compromiso,procesos/1733762/formulario_1-1_presentacion_y_compromiso.txt
1733762,formulario_1-3_nomina_de_socios,procesos/1733762/formulario_1-3_nomina_de_socios.txt
1733762,formulario_compromiso_de_asociacion_o_consorcio,procesos/1733762/formulario_compromiso_de_asociacion_o_consorcio.txt
1733762,guia_para_cargar_ofertas_soce_ushay,procesos/1733762/guia_para_cargar_ofertas_soce_ushay.txt
1733762,compromiso_antisoborno_clausula_antisoborno_contratistas,procesos/1733762/compromiso_antisoborno_clausula_antisoborno_contratistas.txt
1733762,compromiso_antisoborno_declaracion_de_conflicto_de_intereses_de_proveedores,procesos/1733762/compromiso_antisoborno_declaracion_de_conflicto_de_intereses_de_proveedores.txt
1681062,resolucion_de_delegaciones_sngre-156-2021,procesos/1681062/resolucion_de_delegaciones_sngre-156-2021.txt
1681062,0_indice_de_subasta_inversa_electronica1,procesos/1681062/0_indice_de_subasta_inversa_electronica1.txt
1681062,1_condiciones_particulares_del_pliego_de_subasta_inversa_electronica1,procesos/1681062/1_condiciones_particulares_del_pliego_de_subasta_inversa_electronica1.txt
1681062,2_condiciones_generales_del_pliego_de_subasta_inversa_electronica_bienes_y_servicios,procesos/1681062/2_condiciones_generales_del_pliego_de_subasta_inversa_electronica_bienes_y_servicios.txt
1681062,3_formulario_de_compromiso_de_asociacion_o_consorcio,procesos/1681062/3_formulario_de_compromiso_de_asociacion_o_consorcio.txt
1681062,3_formulario_de_la_oferta_de_subasta_inversa_electronica_bienes_y_servicios,procesos/1681062/3_formulario_de_la_oferta_de_subasta_inversa_electronica_bienes_y_servicios.txt
1681062,5_condiciones_generales_del_contrato_de_subasta_inversa_electronica_bienes_y_servicios,procesos/1681062/5_condiciones_generales_del_contrato_de_subasta_inversa_electronica_bienes_y_servicios.txt
1681062,condiciones_particulares_del_contrato_de_subasta_inversa_electronica-1,procesos/1681062/condiciones_particulares_del_contrato_de_subasta_inversa_electronica-1.txt
1681062,tdr_seguridad_fisica_y_monitoreo_2022_final,procesos/1681062/tdr_seguridad_fisica_y_monitoreo_2022_final.txt
1714811,terminos_de_referencia_gad_sidcay_06_07_2022_sin_costos-signed,procesos/1714811/terminos_de_referencia_gad_sidcay_06_07_2022_sin_costos-signed.txt
1753765,certificacion_pac_947-signed,procesos/1753765/certificacion_pac_947-signed.txt
1753765,informe_de_necesidad,procesos/1753765/informe_de_necesidad.txt
1753765,estudios_previos_correcciones_ok-signed-signed,procesos/1753765/estudios_previos_correcciones_ok-signed-signed.txt
1748550,0_indice_de_subasta_inversa_electronica1,procesos/1748550/0_indice_de_subasta_inversa_electronica1.txt
1748550,1_condiciones_particulares_del_pliego_de_subasta_inversa_electronica1,procesos/1748550/1_condiciones_particulares_del_pliego_de_subasta_inversa_electronica1.txt
1748550,2_condiciones_generales_del_pliego_de_subasta_inversa_electronica_bienes_y_servicios,procesos/1748550/2_condiciones_generales_del_pliego_de_subasta_inversa_electronica_bienes_y_servicios.txt
1748550,3_formulario_de_compromiso_de_asociacion_o_consorcio,procesos/1748550/3_formulario_de_compromiso_de_asociacion_o_consorcio.txt
1748550,3_formulario_de_la_oferta_de_subasta_inversa_electronica_bienes_y_servicios,procesos/1748550/3_formulario_de_la_oferta_de_subasta_inversa_electronica_bienes_y_servicios.txt
1748550,5_condiciones_generales_del_contrato_de_subasta_inversa_electronica_bienes_y_servicios,procesos/1748550/5_condiciones_generales_del_contrato_de_subasta_inversa_electronica_bienes_y_servicios.txt
1748550,condiciones_particulares_del_contrato_de_subasta_inversa_electronica-1,procesos/1748550/condiciones_particulares_del_contrato_de_subasta_inversa_electronica-1.txt
1748550,terminos_de_referencia_subasta_varios-signed-signed-signed,procesos/1748550/terminos_de_referencia_subasta_varios-signed-signed-signed.txt
1727386,anexo_20,procesos/1727386/anexo_20.txt
1727386,modelo_de_pliego_del_procedimiento_de_subasta_inversa_electronica,procesos/1727386/modelo_de_pliego_del_procedimiento_de_subasta_inversa_electronica.txt
1727386,especificaciones_tecnicas,procesos/1727386/especificaciones_tecnicas.txt
1727386,2_proyecto_de_contrato_ok,procesos/1727386/2_proyecto_de_contrato_ok.txt
1705495,especificaciones_tecnicas_viveres_sp,procesos/1705495/especificaciones_tecnicas_viveres_sp.txt
1705495,formulario-unico-oferta-subasta-inversa-bys_actualizado_a_mayo_2022,procesos/1705495/formulario-unico-oferta-subasta-inversa-bys_actualizado_a_mayo_2022.txt
1705495,5_condiciones_generales_del_contrato_de_subasta_inversa_electronica_bienes_y_servicios,procesos/1705495/5_condiciones_generales_del_contrato_de_subasta_inversa_electronica_bienes_y_servicios.txt
1705495,condiciones_particulares_del_contrato_de_subasta_inversa_electronica-1,procesos/1705495/condiciones_particulares_del_contrato_de_subasta_inversa_electronica-1.txt
1744664,especificaciones_tecnicas,procesos/1744664/especificaciones_tecnicas.txt
1744664,0_indice_de_subasta_inversa_electronica1,procesos/1744664/0_indice_de_subasta_inversa_electronica1.txt
1744664,1_condiciones_particulares_del_pliego_de_subasta_inversa_electronica1,procesos/1744664/1_condiciones_particulares_del_pliego_de_subasta_inversa_electronica1.txt
1744664,2_condiciones_generales_del_pliego_de_subasta_inversa_electronica_bienes_y_servicios,procesos/1744664/2_condiciones_generales_del_pliego_de_subasta_inversa_electronica_bienes_y_servicios.txt
1744664,3_formulario_de_compromiso_de_asociacion_o_consorcio,procesos/1744664/3_formulario_de_compromiso_de_asociacion_o_consorcio.txt
1744664,5_condiciones_generales_del_contrato_de_subasta_inversa_electronica_bienes_y_servicios,procesos/1744664/5_condiciones_generales_del_contrato_de_subasta_inversa_electronica_bienes_y_servicios.txt
1744664,condiciones_particulares_del_contrato_de_subasta_inversa_electronica,procesos/1744664/condiciones_particulares_del_contrato_de_subasta_inversa_electronica.txt
1744664,formulario_unico_de_la-oferta_subasta_inversa_bys,procesos/1744664/formulario_unico_de_la-oferta_subasta_inversa_bys.txt
1744664,compromiso_de_confidencialidad,procesos/1744664/compromiso_de_confidencialidad.txt
1744664,directora-lopez_borja_nathaly_cristina_-_encargo_sdngth-2022-1829-njs-signed-signed,procesos/1744664/directora-lopez_borja_nathaly_cristina_-_encargo_sdngth-2022-1829-njs-signed-signed.txt
1737097,proyecto-signed,procesos/1737097/proyecto-signed.txt
1737097,informe_de_necesidad-signed-signed,procesos/1737097/informe_de_necesidad-signed-signed.txt
1737097,estudio_de_mercado-signed-1-signed,procesos/1737097/estudio_de_mercado-signed-1-signed.txt
1737097,tr-signed-signed,procesos/1737097/tr-signed-signed.txt
1723420,2_condiciones_generales_de_los_pliegos,procesos/1723420/2_condiciones_generales_de_los_pliegos.txt
1723420,3_proyecto_de_contratro_sie-243,procesos/1723420/3_proyecto_de_contratro_sie-243.txt
1723420,4_condiciones_generales_del_contrato,procesos/1723420/4_condiciones_generales_del_contrato.txt
1723420,5_directrices_para_presentar_ofertas,procesos/1723420/5_directrices_para_presentar_ofertas.txt
1721720,condiciones_particulares_y_generales_del_pliego,procesos/1721720/condiciones_particulares_y_generales_del_pliego.txt
1721720,condiciones_particulares_y_generales_del_contrato,procesos/1721720/condiciones_particulares_y_generales_del_contrato.txt
1721720,formulario_unico_oferta_subasta,procesos/1721720/formulario_unico_oferta_subasta.txt
1721720,informe_necesidad_subasta_inversa_software_2022-signed-signed,procesos/1721720/informe_necesidad_subasta_inversa_software_2022-signed-signed.txt
1721720,tdr_sistema_contable_2022_publicar-signed-signed,procesos/1721720/tdr_sistema_contable_2022_publicar-signed-signed.txt
1721720,resolucion_032_sie_inicio-signed,procesos/1721720/resolucion_032_sie_inicio-signed.txt
1711533,anexo_1,procesos/1711533/anexo_1.txt
1711533,fomularios_actualizado,procesos/1711533/fomularios_actualizado.txt
1711533,formulario-unico-oferta-subasta-inversa-bys,procesos/1711533/formulario-unico-oferta-subasta-inversa-bys.txt
1711533,modelo_del_pliego_,procesos/1711533/modelo_del_pliego_.txt
1711533,modelo_del_pliego_2_,procesos/1711533/modelo_del_pliego_2_.txt
1711533,proyecto_de_contrato_,procesos/1711533/proyecto_de_contrato_.txt
1711533,re_sercop_2020_0110,procesos/1711533/re_sercop_2020_0110.txt
1711533,resolucion_124,procesos/1711533/resolucion_124.txt
1711533,especificaciones_tecnicas_informe_tecnico_may-signed-signed,procesos/1711533/especificaciones_tecnicas_informe_tecnico_may-signed-signed.txt
1712786,terminos_de_referencia,procesos/1712786/terminos_de_referencia.txt
1712786,condiciones_generales_de_los_pliegos,procesos/1712786/condiciones_generales_de_los_pliegos.txt
1712786,condiciones_generales_del_contrato,procesos/1712786/condiciones_generales_del_contrato.txt
1712786,condiciones_particulares_del_contrato,procesos/1712786/condiciones_particulares_del_contrato.txt
1712786,formulario_unico_oferta_subasta_inversa,procesos/1712786/formulario_unico_oferta_subasta_inversa.txt
1712786,anexo-20-requerimientos-de-transferencia-de-tecnologia,procesos/1712786/anexo-20-requerimientos-de-transferencia-de-tecnologia.txt
1712786,resolucion_inicio,procesos/1712786/resolucion_inicio.txt
1712786,pliego_y_convocatoria,procesos/1712786/pliego_y_convocatoria.txt
1720618,termino_de_referencia,procesos/1720618/termino_de_referencia.txt
1720618,informe_tecnico,procesos/1720618/informe_tecnico.txt
1720618,condiciones_generales_del_contrato_de_subasta_inversa_electronica_bienes_y_servicios,procesos/1720618/condiciones_generales_del_contrato_de_subasta_inversa_electronica_bienes_y_servicios.txt
1720618,condiciones_generales_del_pliego_de_subasta_inversa_electronica_bienes_y_servicios,procesos/1720618/condiciones_generales_del_pliego_de_subasta_inversa_electronica_bienes_y_servicios.txt
1720618,condiciones_particulares_del_contrato_de_subasta_inversa_electronica,procesos/1720618/condiciones_particulares_del_contrato_de_subasta_inversa_electronica.txt
1720618,condiciones_particulares_del_pliego_de_subasta_inversa_electronica1,procesos/1720618/condiciones_particulares_del_pliego_de_subasta_inversa_electronica1.txt
1720618,formulario_de_compromiso_de_asociacion_o_consorcio,procesos/1720618/formulario_de_compromiso_de_asociacion_o_consorcio.txt
1720618,formulario-unico-oferta-subasta-inversa,procesos/1720618/formulario-unico-oferta-subasta-inversa.txt
1704454,condiciones_generales_contrato,procesos/1704454/condiciones_generales_contrato.txt
1704454,condiciones_generales_pliego,procesos/1704454/condiciones_generales_pliego.txt
1704454,condiciones_particulares_contrato,procesos/1704454/condiciones_particulares_contrato.txt
1704454,anexo_modelo_garantia_tecnica,procesos/1704454/anexo_modelo_garantia_tecnica.txt
1704454,modelo_carta_de_compromiso,procesos/1704454/modelo_carta_de_compromiso.txt
1704454,anexo_1-signed,procesos/1704454/anexo_1-signed.txt
1704454,formulario_de_presentacion_y_compromiso_may22,procesos/1704454/formulario_de_presentacion_y_compromiso_may22.txt
1704454,formulario_nomina_socios_accionistas_y_per_naturales_actualizado_may_22,procesos/1704454/formulario_nomina_socios_accionistas_y_per_naturales_actualizado_may_22.txt
1718545,1_condiciones_particulares_del_pliego_de_subasta_inversa_electronica1,procesos/1718545/1_condiciones_particulares_del_pliego_de_subasta_inversa_electronica1.txt
1718545,2_condiciones_generales_del_pliego_de_subasta_inversa_electronica_bienes_y_servicios,procesos/1718545/2_condiciones_generales_del_pliego_de_subasta_inversa_electronica_bienes_y_servicios.txt
1718545,3_formulario_de_compromiso_de_asociacion_o_consorcio,procesos/1718545/3_formulario_de_compromiso_de_asociacion_o_consorcio.txt
1718545,5_condiciones_generales_del_contrato_de_subasta_inversa_electronica_bienes_y_servicios,procesos/1718545/5_condiciones_generales_del_contrato_de_subasta_inversa_electronica_bienes_y_servicios.txt
1718545,formulario_1-1,procesos/1718545/formulario_1-1.txt
1718545,formulario_1-3,procesos/1718545/formulario_1-3.txt
1718545,manual_para_cargar_ofertas,procesos/1718545/manual_para_cargar_ofertas.txt
1718545,sercop-sercop-2020-0022-c,procesos/1718545/sercop-sercop-2020-0022-c.txt
1718545,forma_de_presentacion_de_ofertas,procesos/1718545/forma_de_presentacion_de_ofertas.txt
1718545,anexo_especificaciones_tecnicas_bienes_a_ser_ofertados,procesos/1718545/anexo_especificaciones_tecnicas_bienes_a_ser_ofertados.txt
1752147,especificaciones_tecnicas,procesos/1752147/especificaciones_tecnicas.txt
1752147,7_tdr_excavadora-signed,procesos/1752147/7_tdr_excavadora-signed.txt
1752147,autorizacion_de_produccion_nacional,procesos/1752147/autorizacion_de_produccion_nacional.txt
1752147,condiciones_generales_contrato,procesos/1752147/condiciones_generales_contrato.txt
1752147,condiciones_generales_pliego,procesos/1752147/condiciones_generales_pliego.txt
1752147,condiciones_particulares_contrato,procesos/1752147/condiciones_particulares_contrato.txt
1752147,formulario_de_compromiso_o_asociacion,procesos/1752147/formulario_de_compromiso_o_asociacion.txt
1752147,formulario_de_la_oferta,procesos/1752147/formulario_de_la_oferta.txt
1739617,0_indice_de_subasta_inversa_electronica,procesos/1739617/0_indice_de_subasta_inversa_electronica.txt
1739617,1_condiciones_particulares_del_pliego_de_subasta_inversa_electronica,procesos/1739617/1_condiciones_particulares_del_pliego_de_subasta_inversa_electronica.txt
1739617,2_condiciones_generales_del_pliego_de_subasta_inversa_electronica_bienes_y_servicios,procesos/1739617/2_condiciones_generales_del_pliego_de_subasta_inversa_electronica_bienes_y_servicios.txt
1739617,3_formulario_de_compromiso_de_asociacion_o_consorcio,procesos/1739617/3_formulario_de_compromiso_de_asociacion_o_consorcio.txt
1739617,5_condiciones_generales_del_contrato_de_subasta_inversa_electronica_bienes_y_servicios,procesos/1739617/5_condiciones_generales_del_contrato_de_subasta_inversa_electronica_bienes_y_servicios.txt
1739617,condiciones_particulares_del_contrato_de_subasta_inversa_electronica,procesos/1739617/condiciones_particulares_del_contrato_de_subasta_inversa_electronica.txt
1739617,anexo_1_forma_presentar_oferta,procesos/1739617/anexo_1_forma_presentar_oferta.txt
1739617,anexo_2_formulario_de_la_oferta_obligatorio,procesos/1739617/anexo_2_formulario_de_la_oferta_obligatorio.txt
1739617,anexo_tabla_de_productos_ofertados,procesos/1739617/anexo_tabla_de_productos_ofertados.txt
1739617,informe_de_necesidad,procesos/1739617/informe_de_necesidad.txt
1739617,especificaciones_tecnicas_computadoras_ug_final,procesos/1739617/especificaciones_tecnicas_computadoras_ug_final.txt
1697961,delegacion,procesos/1697961/delegacion.txt
1697961,condiciones_generales,procesos/1697961/condiciones_generales.txt
1697961,proyecto_del_contrato,procesos/1697961/proyecto_del_contrato.txt
1697961,especificaciones_rollos_trmicos_2022_ult-signed,procesos/1697961/especificaciones_rollos_trmicos_2022_ult-signed.txt
1697961,formularios_obligatorios,procesos/1697961/formularios_obligatorios.txt
1697961,formulario_de_compromiso_de_asociacion_o_consorcio,procesos/1697961/formulario_de_compromiso_de_asociacion_o_consorcio.txt
1707081,tdr_-_pozo_60004854001654183427,procesos/1707081/tdr_-_pozo_60004854001654183427.txt
1707081,resolucion_re-sercop-2022-0124,procesos/1707081/resolucion_re-sercop-2022-0124.txt
1707081,formulario_1_1,procesos/1707081/formulario_1_1.txt
1707081,formularios_1_3,procesos/1707081/formularios_1_3.txt
1685410,0_indice_de_subasta_inversa_electronica1,procesos/1685410/0_indice_de_subasta_inversa_electronica1.txt
1685410,1_condiciones_particulares_del_pliego_de_subasta_inversa_electronica1,procesos/1685410/1_condiciones_particulares_del_pliego_de_subasta_inversa_electronica1.txt
1685410,2_condiciones_generales_del_pliego_de_subasta_inversa_electronica_bienes_y_servicios,procesos/1685410/2_condiciones_generales_del_pliego_de_subasta_inversa_electronica_bienes_y_servicios.txt
1685410,3_formulario_de_compromiso_de_asociacion_o_consorcio,procesos/1685410/3_formulario_de_compromiso_de_asociacion_o_consorcio.txt
1685410,3_formulario_de_la_oferta_de_subasta_inversa_electronica_bienes_y_servicios,procesos/1685410/3_formulario_de_la_oferta_de_subasta_inversa_electronica_bienes_y_servicios.txt
1685410,5_condiciones_generales_del_contrato_de_subasta_inversa_electronica_bienes_y_servicios,procesos/1685410/5_condiciones_generales_del_contrato_de_subasta_inversa_electronica_bienes_y_servicios.txt
1685410,condiciones_particulares_del_contrato_de_subasta_inversa_electronica-1,procesos/1685410/condiciones_particulares_del_contrato_de_subasta_inversa_electronica-1.txt
1701274,4_oficio_y_necesidad_de_consumibles_2022-signed,procesos/1701274/4_oficio_y_necesidad_de_consumibles_2022-signed.txt
1701274,5_especificacion_tecnica_consumibles_2022-signed,procesos/1701274/5_especificacion_tecnica_consumibles_2022-signed.txt
